,2 years,5 years,10 years,20 years
2011-01-03,0.47,1.071,1.653,1.983
2011-01-04,0.487,1.06,1.632,1.964
2011-01-05,0.492,1.048,1.609,1.934
2011-01-06,0.52,1.119,1.686,2.009
2011-01-07,0.518,1.138,1.712,2.037
2011-01-10,0.499,1.097,1.687,2.028
2011-01-11,0.507,1.092,1.666,1.998
2011-01-12,0.518,1.123,1.703,2.036
2011-01-13,0.533,1.132,1.739,2.097
2011-01-14,0.573,1.216,1.795,2.124
2011-01-17,0.572,1.234,1.831,2.172
2011-01-18,0.588,1.262,1.868,2.215
2011-01-19,0.572,1.225,1.834,2.184
2011-01-20,0.554,1.217,1.835,2.19
2011-01-21,0.583,1.244,1.847,2.195
2011-01-24,0.617,1.259,1.848,2.192
2011-01-25,0.583,1.22,1.815,2.16
2011-01-26,0.593,1.236,1.825,2.165
2011-01-27,0.595,1.239,1.834,2.182
2011-01-28,0.613,1.26,1.847,2.187
2011-01-31,0.605,1.229,1.818,2.162
2011-02-01,0.633,1.26,1.831,2.164
2011-02-02,0.647,1.288,1.861,2.195
2011-02-03,0.626,1.265,1.849,2.188
2011-02-04,0.616,1.248,1.89,2.235
2011-02-07,0.611,1.257,1.922,2.26
2011-02-08,0.611,1.249,1.91,2.272
2011-02-09,0.631,1.278,1.941,2.306
2011-02-10,0.618,1.27,1.952,2.321
2011-02-11,0.601,1.259,1.946,2.298
2011-02-14,0.584,1.271,1.886,2.236
2011-02-15,0.62,1.26,1.922,2.292
2011-02-16,0.627,1.27,1.925,2.279
2011-02-17,0.624,1.265,1.913,2.271
2011-02-18,0.605,1.246,1.903,2.244
2011-02-21,0.617,1.257,1.907,2.258
2011-02-22,0.594,1.217,1.86,2.223
2011-02-23,0.613,1.247,1.891,2.239
2011-02-24,0.631,1.245,1.852,2.206
2011-02-25,0.63,1.262,1.895,2.244
2011-02-28,0.621,1.254,1.897,2.244
2011-03-01,0.625,1.259,1.9,2.265
2011-03-02,0.61,1.238,1.877,2.225
2011-03-03,0.634,1.26,1.876,2.222
2011-03-04,0.659,1.293,1.896,2.225
2011-03-07,0.668,1.304,1.912,2.251
2011-03-08,0.66,1.304,1.927,2.257
2011-03-09,0.698,1.311,1.916,2.264
2011-03-10,0.693,1.288,1.892,2.255
2011-03-11,0.652,1.222,1.828,2.228
2011-03-14,0.669,1.254,1.861,2.245
2011-03-15,0.57,1.173,1.804,2.17
2011-03-16,0.58,1.185,1.813,2.194
2011-03-17,0.56,1.153,1.779,2.169
2011-03-18,0.565,1.16,1.785,2.155
2011-03-21,0.623,1.23,1.826,2.175
2011-03-22,0.643,1.27,1.871,2.198
2011-03-23,0.687,1.262,1.849,2.204
2011-03-24,0.685,1.261,1.856,2.223
2011-03-25,0.681,1.267,1.868,2.233
2011-03-28,0.715,1.296,1.902,2.273
2011-03-29,0.722,1.317,1.904,2.236
2011-03-30,0.706,1.358,1.935,2.217
2011-03-31,0.702,1.346,1.931,2.262
2011-04-01,0.732,1.405,1.949,2.26
2011-04-04,0.74,1.42,2.029,2.332
2011-04-05,0.78,1.405,2.02,2.356
2011-04-06,0.814,1.458,2.06,2.37
2011-04-07,0.818,1.481,2.102,2.417
2011-04-08,0.801,1.514,2.068,2.385
2011-04-11,0.849,1.568,2.107,2.426
2011-04-12,0.842,1.518,2.137,2.465
2011-04-13,0.829,1.559,2.117,2.436
2011-04-14,0.819,1.49,2.116,2.441
2011-04-15,0.829,1.495,2.127,2.464
2011-04-18,0.792,1.448,2.097,2.453
2011-04-19,0.77,1.428,2.09,2.465
2011-04-20,0.778,1.445,2.103,2.467
2011-04-21,0.755,1.451,2.05,2.403
2011-04-22,0.755,1.451,2.05,2.403
2011-04-25,0.755,1.451,2.05,2.403
2011-04-26,0.752,1.443,2.034,2.383
2011-04-27,0.764,1.411,2.066,2.447
2011-04-28,0.756,1.419,2.094,2.495
2011-04-29,0.758,1.419,2.083,2.472
2011-05-02,0.779,1.432,2.081,2.458
2011-05-03,0.739,1.446,2.049,2.399
2011-05-04,0.738,1.43,2.038,2.397
2011-05-05,0.737,1.433,2.035,2.388
2011-05-06,0.697,1.367,2.009,2.388
2011-05-09,0.667,1.338,1.935,2.278
2011-05-10,0.653,1.319,1.925,2.278
2011-05-11,0.639,1.292,1.9,2.258
2011-05-12,0.592,1.226,1.887,2.276
2011-05-13,0.605,1.254,1.881,2.245
2011-05-16,0.623,1.279,1.935,2.297
2011-05-17,0.635,1.277,1.92,2.308
2011-05-18,0.624,1.256,1.894,2.279
2011-05-19,0.642,1.282,1.916,2.304
2011-05-20,0.648,1.291,1.922,2.303
2011-05-23,0.588,1.199,1.841,2.258
2011-05-24,0.608,1.23,1.866,2.266
2011-05-25,0.604,1.234,1.887,2.295
2011-05-26,0.594,1.231,1.896,2.301
2011-05-27,0.587,1.204,1.849,2.255
2011-05-30,0.574,1.187,1.839,2.249
2011-05-31,0.588,1.205,1.849,2.256
2011-06-01,0.595,1.209,1.842,2.238
2011-06-02,0.595,1.209,1.842,2.238
2011-06-03,0.563,1.155,1.782,2.198
2011-06-06,0.544,1.137,1.78,2.196
2011-06-07,0.543,1.139,1.789,2.212
2011-06-08,0.535,1.134,1.798,2.227
2011-06-09,0.519,1.104,1.749,2.171
2011-06-10,0.472,1.033,1.676,2.111
2011-06-13,0.472,1.033,1.676,2.111
2011-06-14,0.461,1.035,1.699,2.133
2011-06-15,0.461,1.036,1.708,2.145
2011-06-16,0.433,1.003,1.704,2.182
2011-06-17,0.411,0.972,1.679,2.168
2011-06-20,0.404,0.969,1.683,2.172
2011-06-21,0.424,1.01,1.725,2.187
2011-06-22,0.423,1.008,1.717,2.173
2011-06-23,0.409,0.988,1.703,2.168
2011-06-24,0.398,0.973,1.686,2.147
2011-06-27,0.374,0.94,1.668,2.159
2011-06-28,0.392,0.962,1.684,2.169
2011-06-29,0.349,0.988,1.721,2.151
2011-06-30,0.347,0.995,1.739,2.169
2011-07-01,0.421,1.012,1.735,2.207
2011-07-04,0.423,1.005,1.701,2.169
2011-07-05,0.348,0.993,1.732,2.158
2011-07-06,0.336,0.98,1.708,2.127
2011-07-07,0.346,0.97,1.696,2.126
2011-07-08,0.341,0.989,1.72,2.143
2011-07-11,0.293,0.908,1.658,2.096
2011-07-12,0.243,0.801,1.541,1.978
2011-07-13,0.214,0.821,1.534,1.942
2011-07-14,0.225,0.816,1.535,1.95
2011-07-15,0.234,0.814,1.509,1.906
2011-07-18,0.2,0.798,1.484,1.87
2011-07-19,0.238,0.838,1.532,1.926
2011-07-20,0.245,0.851,1.555,1.957
2011-07-21,0.251,0.87,1.59,2.003
2011-07-22,0.292,0.887,1.601,2.024
2011-07-25,0.264,0.856,1.565,1.98
2011-07-26,0.286,0.827,1.543,1.97
2011-07-27,0.236,0.775,1.475,1.89
2011-07-28,0.234,0.731,1.436,1.859
2011-07-29,0.218,0.736,1.436,1.847
2011-08-01,0.218,0.736,1.436,1.847
2011-08-02,0.166,0.654,1.341,1.748
2011-08-03,0.124,0.63,1.327,1.73
2011-08-04,0.118,0.615,1.322,1.743
2011-08-05,0.095,0.554,1.26,1.682
2011-08-08,0.057,0.548,1.282,1.722
2011-08-09,0.129,0.475,1.202,1.675
2011-08-10,0.042,0.506,1.23,1.662
2011-08-11,0.075,0.435,1.145,1.601
2011-08-12,0.052,0.435,1.182,1.657
2011-08-15,0.115,0.524,1.245,1.71
2011-08-16,0.075,0.49,1.195,1.637
2011-08-17,0.07,0.481,1.153,1.566
2011-08-18,0.075,0.32,0.991,1.471
2011-08-19,0.066,0.312,0.927,1.36
2011-08-22,0.091,0.396,0.956,1.344
2011-08-23,0.107,0.43,1.029,1.432
2011-08-24,0.081,0.448,1.021,1.39
2011-08-25,0.082,0.471,1.076,1.463
2011-08-26,0.057,0.455,1.068,1.457
2011-08-29,0.112,0.465,1.061,1.47
2011-08-30,0.044,0.484,1.116,1.503
2011-08-31,0.155,0.572,1.133,1.55
2011-09-01,0.061,0.544,1.168,1.542
2011-09-02,0.094,0.477,1.091,1.5
2011-09-05,0.083,0.395,1.002,1.423
2011-09-06,0.145,0.42,0.994,1.428
2011-09-07,0.096,0.468,1.075,1.481
2011-09-08,0.056,0.47,1.082,1.459
2011-09-09,0.085,0.46,1.08,1.483
2011-09-12,0.068,0.43,1.04,1.435
2011-09-13,0.061,0.418,1.037,1.449
2011-09-14,0.073,0.45,1.059,1.45
2011-09-15,0.058,0.446,1.073,1.478
2011-09-16,0.071,0.447,1.069,1.471
2011-09-19,0.061,0.416,1.037,1.446
2011-09-20,0.042,0.41,1.036,1.442
2011-09-21,0.046,0.399,1.01,1.407
2011-09-22,0.099,0.378,0.934,1.322
2011-09-23,0.088,0.357,0.919,1.304
2011-09-26,0.069,0.367,0.947,1.33
2011-09-27,0.084,0.382,0.944,1.335
2011-09-28,0.072,0.37,0.954,1.348
2011-09-29,0.094,0.392,0.961,1.342
2011-09-30,0.055,0.393,1.003,1.396
2011-10-03,0.012,0.332,0.962,1.374
2011-10-04,0.024,0.336,0.925,1.305
2011-10-05,0.055,0.364,0.954,1.336
2011-10-06,0.047,0.392,0.985,1.366
2011-10-07,0.049,0.406,1.014,1.398
2011-10-10,0.054,0.385,0.999,1.396
2011-10-11,0.067,0.429,1.038,1.421
2011-10-12,0.028,0.427,1.044,1.428
2011-10-13,0.037,0.438,1.085,1.498
2011-10-14,0.053,0.429,1.065,1.465
2011-10-17,0.045,0.453,1.101,1.512
2011-10-18,0.075,0.429,1.039,1.425
2011-10-19,0.039,0.44,1.082,1.476
2011-10-20,0.01,0.405,1.059,1.458
2011-10-21,0.109,0.425,1.04,1.469
2011-10-24,0.105,0.431,1.044,1.451
2011-10-25,0.077,0.441,1.08,1.492
2011-10-26,0.013,0.434,1.071,1.459
2011-10-27,0.036,0.437,1.082,1.486
2011-10-28,0.024,0.458,1.13,1.54
2011-10-31,0.016,0.423,1.082,1.492
2011-11-01,0.055,0.384,1.009,1.418
2011-11-02,0.021,0.357,0.993,1.403
2011-11-03,-0.027,0.332,0.974,1.373
2011-11-04,0.021,0.328,0.967,1.379
2011-11-07,0.039,0.282,0.891,1.303
2011-11-08,0.006,0.293,0.927,1.342
2011-11-09,0.008,0.298,0.92,1.324
2011-11-10,0.012,0.311,0.929,1.331
2011-11-11,0.037,0.315,0.934,1.34
2011-11-14,0.005,0.309,0.94,1.349
2011-11-15,0.024,0.285,0.902,1.317
2011-11-16,0.038,0.308,0.926,1.339
2011-11-17,0.035,0.279,0.888,1.301
2011-11-18,0.037,0.348,0.898,1.362
2011-11-21,0.032,0.298,0.898,1.289
2011-11-22,0.019,0.295,0.905,1.307
2011-11-23,0.013,0.296,0.9,1.305
2011-11-24,0.033,0.316,0.938,1.344
2011-11-25,0.007,0.297,0.913,1.311
2011-11-28,-0.008,0.322,0.954,1.349
2011-11-29,0.012,0.337,0.95,1.337
2011-11-30,0.003,0.326,0.945,1.331
2011-12-01,0.009,0.307,0.932,1.331
2011-12-02,0.01,0.277,0.91,1.326
2011-12-05,0.013,0.264,0.89,1.315
2011-12-06,0.005,0.28,0.905,1.322
2011-12-07,0.003,0.245,0.873,1.294
2011-12-08,0.001,0.219,0.835,1.255
2011-12-09,-0.036,0.185,0.806,1.22
2011-12-12,-0.013,0.212,0.811,1.218
2011-12-13,-0.006,0.192,0.767,1.163
2011-12-14,-0.009,0.191,0.776,1.171
2011-12-15,-0.001,0.197,0.782,1.185
2011-12-16,0.027,0.213,0.777,1.18
2011-12-19,-0.051,0.193,0.78,1.158
2011-12-20,0.012,0.242,0.791,1.18
2011-12-21,0.038,0.237,0.804,1.192
2011-12-22,0.035,0.249,0.801,1.194
2011-12-23,0.013,0.229,0.776,1.14
2011-12-26,0.013,0.229,0.776,1.14
2011-12-27,0.031,0.224,0.774,1.151
2011-12-28,-0.001,0.245,0.793,1.149
2011-12-29,0.016,0.234,0.776,1.14
2011-12-30,0.013,0.199,0.74,1.109
2012-01-02,0.013,0.199,0.74,1.109
2012-01-03,0.015,0.204,0.749,1.125
2012-01-04,0.024,0.201,0.734,1.099
2012-01-05,0.007,0.18,0.701,1.065
2012-01-06,0.031,0.196,0.719,1.086
2012-01-09,-0.012,0.225,0.764,1.13
2012-01-10,0.033,0.238,0.77,1.148
2012-01-11,0.05,0.26,0.792,1.163
2012-01-12,0.035,0.219,0.756,1.132
2012-01-13,0.038,0.231,0.768,1.148
2012-01-16,0.042,0.223,0.756,1.132
2012-01-17,0.025,0.224,0.759,1.117
2012-01-18,0.069,0.217,0.723,1.094
2012-01-19,0.096,0.242,0.743,1.121
2012-01-20,0.106,0.254,0.733,1.117
2012-01-23,0.113,0.281,0.78,1.162
2012-01-24,0.103,0.29,0.813,1.183
2012-01-25,0.128,0.295,0.797,1.177
2012-01-26,0.127,0.292,0.786,1.16
2012-01-27,0.115,0.267,0.765,1.137
2012-01-30,0.109,0.274,0.758,1.121
2012-01-31,0.102,0.249,0.735,1.103
2012-02-01,0.083,0.214,0.706,1.077
2012-02-02,0.085,0.2,0.681,1.067
2012-02-03,0.08,0.203,0.689,1.082
2012-02-06,0.081,0.22,0.724,1.124
2012-02-07,0.074,0.244,0.75,1.145
2012-02-08,0.085,0.241,0.791,1.201
2012-02-09,0.077,0.261,0.817,1.217
2012-02-10,0.079,0.28,0.826,1.213
2012-02-13,0.087,0.25,0.81,1.237
2012-02-14,0.086,0.247,0.792,1.209
2012-02-15,0.085,0.253,0.799,1.198
2012-02-16,0.082,0.209,0.744,1.165
2012-02-17,0.091,0.237,0.788,1.217
2012-02-20,0.075,0.238,0.805,1.245
2012-02-21,0.075,0.249,0.821,1.253
2012-02-22,0.065,0.235,0.793,1.225
2012-02-23,0.075,0.23,0.789,1.214
2012-02-24,0.074,0.229,0.769,1.198
2012-02-27,0.053,0.217,0.769,1.182
2012-02-28,0.042,0.184,0.73,1.143
2012-02-29,0.056,0.192,0.72,1.14
2012-03-01,0.076,0.185,0.711,1.139
2012-03-02,0.095,0.21,0.71,1.133
2012-03-05,0.065,0.176,0.681,1.101
2012-03-06,0.083,0.188,0.686,1.098
2012-03-07,0.077,0.198,0.708,1.128
2012-03-08,0.094,0.218,0.724,1.139
2012-03-09,0.097,0.225,0.727,1.131
2012-03-12,0.095,0.224,0.724,1.13
2012-03-13,0.091,0.225,0.738,1.136
2012-03-14,0.093,0.28,0.812,1.209
2012-03-15,0.095,0.354,0.905,1.266
2012-03-16,0.135,0.39,0.931,1.299
2012-03-19,0.128,0.375,0.928,1.304
2012-03-20,0.115,0.371,0.934,1.324
2012-03-21,0.131,0.41,0.964,1.347
2012-03-22,0.111,0.37,0.919,1.277
2012-03-23,0.111,0.364,0.897,1.241
2012-03-26,0.107,0.362,0.896,1.246
2012-03-27,0.111,0.359,0.903,1.263
2012-03-28,0.113,0.368,0.907,1.262
2012-03-29,0.112,0.345,0.883,1.257
2012-03-30,0.094,0.313,0.854,1.211
2012-04-02,0.097,0.339,0.882,1.236
2012-04-03,0.125,0.334,0.872,1.24
2012-04-04,0.123,0.341,0.882,1.251
2012-04-05,0.1,0.31,0.852,1.228
2012-04-06,0.1,0.31,0.852,1.228
2012-04-09,0.1,0.31,0.852,1.228
2012-04-10,0.037,0.205,0.765,1.149
2012-04-11,0.042,0.223,0.778,1.152
2012-04-12,0.046,0.224,0.78,1.167
2012-04-13,0.063,0.22,0.759,1.156
2012-04-16,0.027,0.197,0.741,1.126
2012-04-17,0.047,0.212,0.762,1.138
2012-04-18,0.062,0.232,0.779,1.165
2012-04-19,0.064,0.232,0.763,1.14
2012-04-20,0.076,0.228,0.759,1.145
2012-04-23,0.068,0.243,0.776,1.158
2012-04-24,0.051,0.229,0.76,1.134
2012-04-25,0.05,0.243,0.782,1.147
2012-04-26,0.047,0.232,0.773,1.145
2012-04-27,0.055,0.212,0.723,1.086
2012-04-30,0.039,0.211,0.735,1.104
2012-05-01,0.039,0.211,0.735,1.104
2012-05-02,0.043,0.223,0.739,1.107
2012-05-03,0.054,0.188,0.706,1.073
2012-05-04,0.041,0.174,0.693,1.062
2012-05-07,0.015,0.155,0.679,1.043
2012-05-08,0.016,0.176,0.683,1.037
2012-05-09,0.017,0.15,0.672,1.034
2012-05-10,0.018,0.129,0.655,1.044
2012-05-11,0.026,0.148,0.666,1.055
2012-05-14,-0.003,0.129,0.65,1.025
2012-05-15,0.026,0.143,0.638,0.995
2012-05-16,0.026,0.147,0.65,1.004
2012-05-17,0.026,0.147,0.65,1.004
2012-05-18,-0.01,0.113,0.626,0.98
2012-05-21,-0.019,0.145,0.662,1.014
2012-05-22,-0.029,0.17,0.699,1.044
2012-05-23,-0.031,0.139,0.678,1.027
2012-05-24,-0.048,0.114,0.65,1.008
2012-05-25,-0.054,0.134,0.672,1.016
2012-05-28,-0.054,0.134,0.672,1.016
2012-05-29,-0.084,0.113,0.672,1.027
2012-05-30,-0.09,0.076,0.632,0.987
2012-05-31,-0.164,0.067,0.61,0.945
2012-06-01,-0.138,0.027,0.538,0.881
2012-06-04,-0.281,-0.031,0.537,0.883
2012-06-05,-0.258,0.014,0.573,0.899
2012-06-06,-0.26,0.016,0.605,0.95
2012-06-07,-0.238,0.11,0.662,0.974
2012-06-08,-0.235,0.033,0.622,0.971
2012-06-11,-0.286,0.072,0.654,0.982
2012-06-12,-0.33,0,0.582,0.911
2012-06-13,-0.34,-0.025,0.584,0.94
2012-06-14,-0.331,-0.032,0.596,0.962
2012-06-15,-0.225,-0.028,0.523,1.017
2012-06-18,-0.208,-0.002,0.567,1.054
2012-06-19,-0.192,-0.019,0.498,0.994
2012-06-20,-0.274,-0.011,0.615,0.986
2012-06-21,-0.31,0.009,0.632,0.99
2012-06-22,-0.345,-0.036,0.58,0.936
2012-06-25,-0.277,-0.011,0.587,0.95
2012-06-26,-0.292,-0.008,0.619,0.993
2012-06-27,-0.262,0.043,0.657,1.016
2012-06-28,-0.304,0.031,0.658,1.027
2012-06-29,-0.344,0.069,0.678,1.029
2012-07-02,-0.253,0.071,0.676,1.025
2012-07-03,-0.223,0.044,0.649,1.007
2012-07-04,-0.275,0.061,0.675,1.026
2012-07-05,-0.222,0.05,0.649,1.006
2012-07-06,-0.245,0.013,0.595,0.945
2012-07-09,-0.226,0.021,0.59,0.934
2012-07-10,-0.267,-0.001,0.586,0.935
2012-07-11,-0.269,0.013,0.597,0.947
2012-07-12,-0.261,-0.023,0.579,0.953
2012-07-13,-0.295,-0.035,0.564,0.935
2012-07-16,-0.306,-0.037,0.579,0.957
2012-07-17,-0.306,-0.015,0.603,0.98
2012-07-18,-0.235,-0.015,0.579,1.009
2012-07-19,-0.274,-0.021,0.584,0.975
2012-07-20,-0.265,-0.033,0.582,0.984
2012-07-23,-0.302,-0.062,0.538,0.924
2012-07-24,-0.319,-0.02,0.595,0.991
2012-07-25,-0.338,-0.018,0.595,0.964
2012-07-26,-0.257,-0.02,0.575,0.964
2012-07-27,-0.303,-0.012,0.596,0.97
2012-07-30,-0.325,-0.019,0.589,0.96
2012-07-31,-0.315,-0.043,0.561,0.932
2012-08-01,-0.315,-0.043,0.561,0.932
2012-08-02,-0.328,-0.057,0.542,0.915
2012-08-03,-0.346,-0.045,0.535,0.886
2012-08-06,-0.294,-0.028,0.564,0.935
2012-08-07,-0.293,0.015,0.6,0.949
2012-08-08,-0.251,0.043,0.627,0.993
2012-08-09,-0.284,0.034,0.647,1.014
2012-08-10,-0.274,0.035,0.636,1.002
2012-08-13,-0.272,0.006,0.615,0.992
2012-08-14,-0.276,0.016,0.628,1.004
2012-08-15,-0.248,0.042,0.652,1.025
2012-08-16,-0.22,0.042,0.632,0.998
2012-08-17,-0.201,0.048,0.631,1
2012-08-20,-0.21,0.048,0.634,1.011
2012-08-21,-0.206,0.038,0.625,0.999
2012-08-22,-0.216,0.028,0.622,0.999
2012-08-23,-0.24,0.008,0.61,0.987
2012-08-24,-0.253,-0.015,0.587,0.963
2012-08-27,-0.362,0.003,0.609,0.962
2012-08-28,-0.304,-0.012,0.595,0.969
2012-08-29,-0.323,-0.05,0.572,0.956
2012-08-30,-0.333,-0.037,0.581,0.951
2012-08-31,-0.327,-0.05,0.569,0.952
2012-09-03,-0.328,-0.028,0.578,0.947
2012-09-04,-0.308,-0.037,0.593,0.979
2012-09-05,-0.317,-0.058,0.563,0.944
2012-09-06,-0.244,-0.007,0.604,0.986
2012-09-07,-0.153,0.038,0.624,1.007
2012-09-10,-0.146,0.07,0.651,1.03
2012-09-11,-0.105,0.062,0.646,1.028
2012-09-12,-0.099,0.088,0.67,1.059
2012-09-13,-0.136,0.076,0.645,1.004
2012-09-14,-0.101,0.076,0.654,1.028
2012-09-17,-0.123,0.091,0.681,1.064
2012-09-18,-0.116,0.086,0.661,1.036
2012-09-19,-0.054,0.115,0.663,1.034
2012-09-20,-0.083,0.083,0.647,1.024
2012-09-21,-0.1,0.078,0.653,1.027
2012-09-24,-0.115,0.069,0.645,1.027
2012-09-25,-0.122,0.058,0.633,1.011
2012-09-26,-0.098,0.062,0.627,1.017
2012-09-27,-0.077,0.069,0.623,1.009
2012-09-28,-0.095,0.043,0.599,0.995
2012-10-01,-0.114,0.037,0.593,0.969
2012-10-02,-0.097,0.037,0.592,0.974
2012-10-03,-0.101,0.032,0.587,0.97
2012-10-04,-0.113,0.023,0.569,0.976
2012-10-05,-0.127,0.022,0.582,0.987
2012-10-08,-0.059,0.03,0.594,1.003
2012-10-09,-0.051,0.01,0.578,1.002
2012-10-10,-0.052,0.001,0.577,1.003
2012-10-11,-0.062,-0.011,0.56,0.998
2012-10-12,-0.046,0.002,0.573,1.008
2012-10-15,-0.077,-0.016,0.562,1.002
2012-10-16,-0.09,-0.014,0.577,1.011
2012-10-17,-0.079,0.017,0.594,1.027
2012-10-18,-0.058,0.029,0.618,1.056
2012-10-19,-0.066,0.027,0.613,1.051
2012-10-22,-0.083,0.004,0.597,1.032
2012-10-23,-0.086,-0.004,0.587,1.036
2012-10-24,-0.089,-0.013,0.567,1
2012-10-25,-0.078,0.018,0.589,1.006
2012-10-26,-0.083,0.006,0.573,0.993
2012-10-29,-0.077,0.009,0.57,0.986
2012-10-30,-0.081,0.019,0.578,0.991
2012-10-31,-0.063,0.034,0.597,1.015
2012-11-01,-0.074,0.019,0.57,0.981
2012-11-02,-0.07,0.007,0.564,0.993
2012-11-05,-0.037,0.001,0.559,0.982
2012-11-06,-0.098,0,0.567,0.98
2012-11-07,-0.09,-0.001,0.564,0.991
2012-11-08,-0.092,-0.006,0.539,0.962
2012-11-09,-0.097,-0.017,0.52,0.94
2012-11-12,-0.106,-0.032,0.52,0.934
2012-11-13,-0.108,-0.034,0.506,0.934
2012-11-14,-0.101,-0.038,0.516,0.952
2012-11-15,-0.104,-0.038,0.504,0.934
2012-11-16,-0.107,-0.027,0.52,0.948
2012-11-19,-0.1,-0.024,0.528,0.958
2012-11-20,-0.129,-0.023,0.529,0.954
2012-11-21,-0.103,0.007,0.573,0.993
2012-11-22,-0.082,-0.001,0.575,1.003
2012-11-23,-0.094,0.005,0.569,0.989
2012-11-26,-0.083,0,0.561,0.988
2012-11-27,-0.093,0.002,0.559,0.98
2012-11-28,-0.104,-0.006,0.558,0.979
2012-11-29,-0.096,-0.007,0.544,0.965
2012-11-30,-0.1,-0.016,0.53,0.954
2012-12-03,-0.106,-0.021,0.52,0.945
2012-12-04,-0.136,-0.031,0.535,0.947
2012-12-05,-0.153,-0.045,0.52,0.935
2012-12-06,-0.142,-0.043,0.504,0.921
2012-12-07,-0.165,-0.062,0.48,0.895
2012-12-10,-0.164,-0.073,0.452,0.863
2012-12-11,-0.173,-0.074,0.459,0.873
2012-12-12,-0.14,-0.044,0.498,0.927
2012-12-13,-0.138,-0.039,0.495,0.939
2012-12-14,-0.116,-0.025,0.526,0.989
2012-12-17,-0.129,-0.004,0.559,1.002
2012-12-18,-0.135,-0.004,0.553,0.994
2012-12-19,-0.121,0.015,0.569,1.008
2012-12-20,-0.124,0.013,0.575,1.014
2012-12-21,-0.117,0.027,0.587,1.023
2012-12-24,-0.117,0.027,0.587,1.023
2012-12-25,-0.117,0.027,0.587,1.023
2012-12-26,-0.117,0.027,0.587,1.023
2012-12-27,-0.109,0.03,0.578,1.017
2012-12-28,-0.116,0.017,0.557,1.004
2012-12-31,-0.116,0.017,0.557,1.004
2013-01-01,-0.116,0.017,0.557,1.004
2013-01-02,-0.116,0.017,0.557,1.004
2013-01-03,-0.121,0.039,0.595,1.031
2013-01-04,-0.106,0.058,0.607,1.047
2013-01-07,-0.111,0.044,0.597,1.048
2013-01-08,-0.1,0.051,0.603,1.045
2013-01-09,-0.095,0.042,0.603,1.047
2013-01-10,-0.07,0.049,0.599,1.05
2013-01-11,-0.063,0.075,0.655,1.109
2013-01-14,-0.065,0.095,0.673,1.106
2013-01-15,-0.07,0.09,0.658,1.105
2013-01-16,-0.031,0.106,0.666,1.12
2013-01-17,-0.011,0.138,0.711,1.175
2013-01-18,0.074,0.207,0.718,1.191
2013-01-21,0.049,0.17,0.701,1.165
2013-01-22,0.045,0.177,0.709,1.173
2013-01-23,0.033,0.174,0.696,1.155
2013-01-24,0.036,0.155,0.693,1.145
2013-01-25,0.05,0.178,0.711,1.16
2013-01-28,0.049,0.227,0.754,1.2
2013-01-29,0.053,0.244,0.784,1.218
2013-01-30,0.078,0.269,0.805,1.239
2013-01-31,0.093,0.282,0.789,1.221
2013-02-01,0.073,0.26,0.781,1.207
2013-02-04,0.06,0.262,0.794,1.211
2013-02-05,0.053,0.232,0.762,1.177
2013-02-06,0.071,0.218,0.76,1.193
2013-02-07,0.051,0.217,0.771,1.193
2013-02-08,0.056,0.204,0.756,1.188
2013-02-11,0.03,0.186,0.739,1.163
2013-02-12,0.037,0.19,0.748,1.174
2013-02-13,0.045,0.206,0.781,1.212
2013-02-14,0.037,0.214,0.786,1.217
2013-02-15,0.034,0.199,0.775,1.204
2013-02-18,0.041,0.205,0.777,1.21
2013-02-19,0.02,0.207,0.782,1.21
2013-02-20,0.052,0.229,0.799,1.225
2013-02-21,0.052,0.221,0.784,1.219
2013-02-22,0.034,0.219,0.784,1.213
2013-02-25,0.026,0.205,0.787,1.217
2013-02-26,0.019,0.18,0.752,1.185
2013-02-27,0.01,0.166,0.736,1.167
2013-02-28,0.029,0.167,0.721,1.149
2013-03-01,0.005,0.153,0.708,1.136
2013-03-04,0.005,0.136,0.691,1.12
2013-03-05,0.01,0.151,0.71,1.132
2013-03-06,0.028,0.184,0.73,1.143
2013-03-07,0.031,0.185,0.729,1.136
2013-03-08,0.049,0.191,0.736,1.153
2013-03-11,0.036,0.204,0.767,1.188
2013-03-12,0.043,0.218,0.781,1.208
2013-03-13,0.04,0.213,0.787,1.216
2013-03-14,0.046,0.238,0.821,1.258
2013-03-15,0.054,0.246,0.818,1.256
2013-03-18,0.021,0.173,0.759,1.213
2013-03-19,0.015,0.187,0.765,1.207
2013-03-20,0.008,0.166,0.746,1.189
2013-03-21,-0.007,0.173,0.752,1.194
2013-03-22,0.009,0.17,0.74,1.186
2013-03-25,0.011,0.184,0.768,1.207
2013-03-26,0.019,0.176,0.764,1.214
2013-03-27,0.005,0.169,0.768,1.22
2013-03-28,-0.012,0.145,0.747,1.203
2013-03-29,-0.012,0.145,0.747,1.203
2013-04-01,-0.012,0.145,0.747,1.203
2013-04-02,-0.029,0.123,0.733,1.187
2013-04-03,-0.031,0.131,0.715,1.159
2013-04-04,-0.043,0.11,0.701,1.157
2013-04-05,-0.04,0.117,0.703,1.152
2013-04-08,-0.08,0.112,0.691,1.128
2013-04-09,-0.037,0.133,0.722,1.168
2013-04-10,-0.032,0.145,0.734,1.176
2013-04-11,-0.021,0.14,0.727,1.171
2013-04-12,-0.031,0.129,0.726,1.181
2013-04-15,-0.047,0.122,0.699,1.142
2013-04-16,-0.054,0.099,0.68,1.123
2013-04-17,-0.059,0.102,0.683,1.129
2013-04-18,-0.074,0.087,0.675,1.113
2013-04-19,-0.071,0.088,0.668,1.11
2013-04-22,-0.069,0.089,0.664,1.102
2013-04-23,-0.099,0.056,0.631,1.068
2013-04-24,-0.072,0.083,0.658,1.107
2013-04-25,-0.055,0.071,0.642,1.097
2013-04-26,-0.075,0.062,0.641,1.089
2013-04-29,-0.085,0.05,0.63,1.081
2013-04-30,-0.079,0.048,0.612,1.06
2013-05-01,-0.079,0.048,0.612,1.06
2013-05-02,-0.074,0.065,0.634,1.066
2013-05-03,-0.068,0.052,0.611,1.059
2013-05-06,-0.085,0.071,0.625,1.077
2013-05-07,-0.065,0.049,0.614,1.057
2013-05-08,-0.057,0.087,0.628,1.062
2013-05-09,-0.057,0.087,0.628,1.062
2013-05-10,-0.057,0.084,0.637,1.053
2013-05-13,-0.067,0.09,0.653,1.074
2013-05-14,-0.062,0.099,0.664,1.082
2013-05-15,-0.038,0.134,0.69,1.105
2013-05-16,-0.04,0.123,0.675,1.082
2013-05-17,-0.075,0.11,0.675,1.091
2013-05-20,-0.075,0.11,0.675,1.091
2013-05-21,-0.071,0.114,0.694,1.107
2013-05-22,-0.069,0.135,0.687,1.095
2013-05-23,-0.062,0.113,0.688,1.1
2013-05-24,-0.055,0.132,0.703,1.113
2013-05-27,-0.072,0.124,0.701,1.109
2013-05-28,-0.074,0.137,0.704,1.115
2013-05-29,-0.067,0.172,0.772,1.19
2013-05-30,-0.003,0.178,0.771,1.193
2013-05-31,-0.06,0.176,0.76,1.171
2013-06-03,-0.037,0.191,0.78,1.191
2013-06-04,-0.049,0.231,0.818,1.219
2013-06-05,-0.016,0.227,0.838,1.263
2013-06-06,-0.013,0.216,0.826,1.256
2013-06-07,-0.033,0.25,0.835,1.241
2013-06-10,0.055,0.273,0.815,1.266
2013-06-11,-0.005,0.285,0.904,1.338
2013-06-12,0.021,0.346,0.954,1.359
2013-06-13,-0.03,0.299,0.902,1.32
2013-06-14,-0.044,0.286,0.902,1.332
2013-06-17,-0.029,0.27,0.889,1.32
2013-06-18,-0.051,0.283,0.898,1.324
2013-06-19,-0.038,0.271,0.886,1.315
2013-06-20,-0.013,0.315,0.947,1.374
2013-06-21,0.023,0.365,0.988,1.41
2013-06-24,0.035,0.431,1.061,1.478
2013-06-25,0.04,0.466,1.125,1.544
2013-06-26,0.026,0.456,1.112,1.523
2013-06-27,-0.01,0.42,1.089,1.509
2013-06-28,-0.006,0.407,1.06,1.48
2013-07-01,-0.001,0.421,1.075,1.488
2013-07-02,-0.014,0.411,1.078,1.494
2013-07-03,-0.023,0.38,1.04,1.461
2013-07-04,-0.029,0.386,1.057,1.486
2013-07-05,-0.055,0.354,1.038,1.471
2013-07-08,-0.047,0.399,1.111,1.559
2013-07-09,-0.034,0.397,1.109,1.556
2013-07-10,-0.019,0.383,1.093,1.561
2013-07-11,-0.031,0.396,1.1,1.551
2013-07-12,-0.034,0.366,1.065,1.516
2013-07-15,-0.029,0.377,1.066,1.505
2013-07-16,-0.017,0.386,1.072,1.511
2013-07-17,-0.008,0.409,1.08,1.51
2013-07-18,-0.035,0.377,1.059,1.494
2013-07-19,-0.02,0.354,1.03,1.472
2013-07-22,-0.03,0.36,1.033,1.466
2013-07-23,-0.027,0.369,1.034,1.462
2013-07-24,-0.02,0.395,1.071,1.501
2013-07-25,-0.004,0.395,1.106,1.572
2013-07-26,-0.029,0.391,1.094,1.542
2013-07-29,-0.028,0.386,1.09,1.548
2013-07-30,-0.033,0.375,1.081,1.532
2013-07-31,-0.013,0.4,1.097,1.543
2013-08-01,-0.013,0.4,1.097,1.543
2013-08-02,0.001,0.414,1.104,1.553
2013-08-05,-0.006,0.396,1.078,1.526
2013-08-06,0.008,0.424,1.116,1.563
2013-08-07,0.005,0.392,1.082,1.54
2013-08-08,0.006,0.363,1.053,1.524
2013-08-09,0.028,0.359,1.051,1.539
2013-08-12,0.014,0.369,1.052,1.533
2013-08-13,0.011,0.352,1.042,1.518
2013-08-14,0.047,0.399,1.096,1.576
2013-08-15,0.039,0.375,1.084,1.575
2013-08-16,0.033,0.408,1.113,1.598
2013-08-19,0.047,0.412,1.127,1.617
2013-08-20,0.032,0.392,1.116,1.616
2013-08-21,0.027,0.401,1.112,1.597
2013-08-22,0.035,0.433,1.155,1.637
2013-08-23,0.047,0.459,1.181,1.653
2013-08-26,0.041,0.486,1.212,1.679
2013-08-27,0.014,0.456,1.175,1.632
2013-08-28,0.03,0.441,1.163,1.637
2013-08-29,0.023,0.465,1.182,1.64
2013-08-30,-0.008,0.42,1.142,1.601
2013-09-02,0.012,0.454,1.171,1.624
2013-09-03,0.007,0.422,1.135,1.594
2013-09-04,0.011,0.46,1.184,1.641
2013-09-05,0.021,0.477,1.201,1.66
2013-09-06,-0.007,0.486,1.216,1.666
2013-09-09,0.005,0.462,1.198,1.662
2013-09-10,0.013,0.494,1.238,1.703
2013-09-11,0.022,0.506,1.256,1.722
2013-09-12,0.016,0.488,1.233,1.71
2013-09-13,0.008,0.487,1.231,1.711
2013-09-16,-0.005,0.447,1.199,1.675
2013-09-17,-0.008,0.448,1.194,1.663
2013-09-18,-0.006,0.45,1.192,1.662
2013-09-19,0.003,0.409,1.144,1.631
2013-09-20,0.003,0.424,1.174,1.662
2013-09-23,0.011,0.431,1.18,1.67
2013-09-24,-0.008,0.421,1.169,1.647
2013-09-25,0.002,0.406,1.14,1.627
2013-09-26,0.021,0.409,1.149,1.642
2013-09-27,0.008,0.41,1.148,1.634
2013-09-30,-0.024,0.362,1.11,1.603
2013-10-01,-0.019,0.366,1.112,1.599
2013-10-02,-0.007,0.371,1.106,1.602
2013-10-03,-0.007,0.384,1.129,1.625
2013-10-04,-0.018,0.374,1.133,1.631
2013-10-07,-0.044,0.368,1.129,1.632
2013-10-08,-0.034,0.365,1.125,1.622
2013-10-09,-0.026,0.337,1.105,1.625
2013-10-10,-0.06,0.362,1.12,1.637
2013-10-11,-0.065,0.368,1.127,1.641
2013-10-14,-0.058,0.35,1.139,1.657
2013-10-15,-0.039,0.39,1.174,1.684
2013-10-16,-0.027,0.4,1.183,1.701
2013-10-17,-0.02,0.4,1.172,1.69
2013-10-18,-0.032,0.374,1.155,1.67
2013-10-21,-0.034,0.374,1.144,1.65
2013-10-22,-0.032,0.362,1.122,1.63
2013-10-23,-0.042,0.346,1.105,1.604
2013-10-24,-0.042,0.34,1.096,1.619
2013-10-25,-0.045,0.327,1.102,1.62
2013-10-28,-0.024,0.336,1.097,1.623
2013-10-29,-0.029,0.332,1.096,1.622
2013-10-30,-0.021,0.33,1.086,1.605
2013-10-31,0,0.328,1.07,1.588
2013-11-01,-0.012,0.321,1.057,1.584
2013-11-04,-0.018,0.319,1.064,1.594
2013-11-05,-0.028,0.323,1.076,1.609
2013-11-06,-0.015,0.334,1.093,1.618
2013-11-07,-0.026,0.33,1.096,1.622
2013-11-08,-0.049,0.291,1.057,1.588
2013-11-11,-0.048,0.31,1.077,1.604
2013-11-12,-0.038,0.347,1.128,1.655
2013-11-13,-0.033,0.338,1.125,1.66
2013-11-14,-0.048,0.314,1.101,1.636
2013-11-15,-0.036,0.32,1.088,1.617
2013-11-18,-0.051,0.323,1.089,1.615
2013-11-19,-0.045,0.31,1.077,1.603
2013-11-20,-0.036,0.327,1.088,1.628
2013-11-21,-0.055,0.321,1.084,1.611
2013-11-22,-0.061,0.307,1.085,1.622
2013-11-25,-0.084,0.289,1.056,1.576
2013-11-26,-0.076,0.272,1.035,1.554
2013-11-27,-0.08,0.251,1.007,1.529
2013-11-28,-0.068,0.261,1.015,1.54
2013-11-29,-0.076,0.266,1.031,1.555
2013-12-02,-0.077,0.28,1.043,1.567
2013-12-03,-0.087,0.298,1.08,1.611
2013-12-04,-0.076,0.295,1.078,1.615
2013-12-05,-0.09,0.311,1.103,1.635
2013-12-06,-0.065,0.324,1.126,1.667
2013-12-09,-0.076,0.345,1.136,1.675
2013-12-10,-0.08,0.324,1.135,1.676
2013-12-11,-0.082,0.329,1.134,1.67
2013-12-12,-0.087,0.325,1.131,1.674
2013-12-13,-0.091,0.321,1.149,1.704
2013-12-16,-0.097,0.329,1.137,1.682
2013-12-17,-0.102,0.37,1.177,1.714
2013-12-18,-0.083,0.35,1.168,1.711
2013-12-19,-0.085,0.371,1.195,1.739
2013-12-20,-0.089,0.39,1.217,1.751
2013-12-23,-0.084,0.396,1.22,1.758
2013-12-24,-0.084,0.396,1.22,1.758
2013-12-25,-0.084,0.396,1.22,1.758
2013-12-26,-0.084,0.396,1.22,1.758
2013-12-27,-0.071,0.413,1.245,1.782
2013-12-30,-0.071,0.419,1.253,1.79
2013-12-31,-0.071,0.419,1.253,1.79
2014-01-01,-0.071,0.419,1.253,1.79
2014-01-02,-0.071,0.419,1.253,1.79
2014-01-03,-0.066,0.413,1.229,1.766
2014-01-06,-0.082,0.381,1.18,1.716
2014-01-07,-0.083,0.353,1.172,1.719
2014-01-08,-0.09,0.352,1.178,1.724
2014-01-09,-0.089,0.386,1.208,1.745
2014-01-10,-0.088,0.373,1.207,1.744
2014-01-13,-0.116,0.356,1.187,1.723
2014-01-14,-0.092,0.346,1.166,1.701
2014-01-15,-0.074,0.347,1.166,1.713
2014-01-16,-0.064,0.32,1.135,1.701
2014-01-17,-0.075,0.321,1.122,1.679
2014-01-20,-0.082,0.301,1.116,1.671
2014-01-21,-0.085,0.296,1.111,1.67
2014-01-22,-0.088,0.269,1.061,1.614
2014-01-23,-0.085,0.275,1.073,1.632
2014-01-24,-0.109,0.24,1.022,1.575
2014-01-27,-0.093,0.232,1.022,1.58
2014-01-28,-0.094,0.25,1.04,1.596
2014-01-29,-0.094,0.248,1.039,1.606
2014-01-30,-0.113,0.204,0.994,1.559
2014-01-31,-0.109,0.196,0.983,1.561
2014-02-03,-0.122,0.178,0.964,1.534
2014-02-04,-0.119,0.185,0.954,1.527
2014-02-05,-0.095,0.182,0.958,1.526
2014-02-06,-0.081,0.207,0.981,1.548
2014-02-07,-0.071,0.234,0.993,1.554
2014-02-10,-0.077,0.223,0.999,1.564
2014-02-11,-0.071,0.242,1.021,1.586
2014-02-12,-0.065,0.253,1.036,1.592
2014-02-13,-0.064,0.25,1.028,1.587
2014-02-14,-0.079,0.251,1.019,1.578
2014-02-17,-0.087,0.246,1.029,1.58
2014-02-18,-0.07,0.235,1.007,1.562
2014-02-19,-0.08,0.234,1.001,1.555
2014-02-20,-0.073,0.221,0.974,1.537
2014-02-21,-0.079,0.242,0.997,1.557
2014-02-24,-0.073,0.234,0.997,1.559
2014-02-25,-0.067,0.232,0.993,1.55
2014-02-26,-0.058,0.239,0.996,1.553
2014-02-27,-0.06,0.209,0.955,1.518
2014-02-28,-0.074,0.206,0.951,1.507
2014-03-03,-0.075,0.21,0.955,1.503
2014-03-04,-0.077,0.201,0.919,1.466
2014-03-05,-0.05,0.228,0.963,1.506
2014-03-06,-0.051,0.249,0.976,1.52
2014-03-07,-0.038,0.273,1.006,1.55
2014-03-10,0.005,0.268,1.002,1.558
2014-03-11,-0.006,0.267,0.995,1.543
2014-03-12,-0.021,0.254,0.987,1.528
2014-03-13,-0.024,0.254,0.953,1.51
2014-03-14,-0.021,0.219,0.942,1.488
2014-03-17,-0.028,0.229,0.961,1.506
2014-03-18,-0.026,0.227,0.964,1.513
2014-03-19,-0.042,0.237,0.959,1.507
2014-03-20,-0.019,0.274,1.004,1.547
2014-03-21,-0.024,0.258,1,1.545
2014-03-24,-0.024,0.264,1.004,1.555
2014-03-25,-0.034,0.23,0.956,1.509
2014-03-26,-0.024,0.212,0.936,1.484
2014-03-27,-0.03,0.214,0.943,1.489
2014-03-28,-0.043,0.202,0.923,1.469
2014-03-31,-0.031,0.227,0.955,1.499
2014-04-01,-0.033,0.217,0.948,1.498
2014-04-02,-0.025,0.221,0.95,1.498
2014-04-03,-0.02,0.232,0.968,1.522
2014-04-04,-0.024,0.218,0.942,1.482
2014-04-07,-0.036,0.195,0.914,1.46
2014-04-08,-0.041,0.187,0.902,1.448
2014-04-09,-0.033,0.196,0.908,1.457
2014-04-10,-0.04,0.18,0.906,1.474
2014-04-11,-0.024,0.178,0.896,1.464
2014-04-14,-0.048,0.155,0.871,1.44
2014-04-15,-0.023,0.168,0.876,1.449
2014-04-16,-0.023,0.164,0.861,1.428
2014-04-17,-0.019,0.163,0.862,1.427
2014-04-18,-0.019,0.163,0.862,1.427
2014-04-21,-0.019,0.163,0.862,1.427
2014-04-22,-0.024,0.178,0.891,1.456
2014-04-23,-0.006,0.199,0.897,1.471
2014-04-24,-0.005,0.192,0.882,1.448
2014-04-25,-0.004,0.184,0.868,1.436
2014-04-28,-0.017,0.167,0.859,1.415
2014-04-29,0.021,0.206,0.886,1.452
2014-04-30,0.005,0.174,0.86,1.428
2014-05-01,0.005,0.174,0.86,1.428
2014-05-02,0.017,0.175,0.851,1.428
2014-05-05,0.007,0.176,0.853,1.425
2014-05-06,0.022,0.19,0.858,1.434
2014-05-07,0.026,0.192,0.857,1.426
2014-05-08,0.023,0.182,0.857,1.425
2014-05-09,0.007,0.174,0.831,1.404
2014-05-12,-0.002,0.162,0.832,1.401
2014-05-13,-0.003,0.156,0.821,1.389
2014-05-14,-0.012,0.101,0.764,1.336
2014-05-15,-0.013,0.091,0.729,1.305
2014-05-16,0.008,0.108,0.733,1.317
2014-05-19,-0.005,0.121,0.759,1.326
2014-05-20,-0.001,0.148,0.797,1.382
2014-05-21,0.002,0.162,0.817,1.405
2014-05-22,0.002,0.166,0.834,1.432
2014-05-23,0,0.159,0.825,1.42
2014-05-26,-0.004,0.154,0.823,1.424
2014-05-27,-0.014,0.14,0.807,1.396
2014-05-28,-0.007,0.125,0.768,1.359
2014-05-29,-0.007,0.125,0.768,1.359
2014-05-30,-0.027,0.114,0.77,1.374
2014-06-02,-0.026,0.109,0.754,1.376
2014-06-03,-0.05,0.124,0.756,1.375
2014-06-04,-0.033,0.141,0.785,1.398
2014-06-05,-0.045,0.149,0.803,1.417
2014-06-06,-0.054,0.118,0.767,1.384
2014-06-09,-0.054,0.118,0.767,1.384
2014-06-10,-0.054,0.127,0.789,1.415
2014-06-11,-0.029,0.168,0.834,1.458
2014-06-12,-0.049,0.147,0.812,1.44
2014-06-13,-0.045,0.141,0.806,1.438
2014-06-16,-0.041,0.148,0.802,1.435
2014-06-17,-0.043,0.138,0.792,1.43
2014-06-18,-0.015,0.162,0.82,1.459
2014-06-19,-0.021,0.147,0.793,1.434
2014-06-20,-0.012,0.137,0.779,1.416
2014-06-23,-0.016,0.131,0.77,1.404
2014-06-24,-0.009,0.14,0.778,1.414
2014-06-25,0.025,0.139,0.763,1.393
2014-06-26,0.033,0.122,0.721,1.356
2014-06-27,0.036,0.13,0.725,1.357
2014-06-30,0.032,0.117,0.714,1.352
2014-07-01,0.031,0.137,0.72,1.344
2014-07-02,0.037,0.131,0.707,1.334
2014-07-03,0.04,0.14,0.745,1.384
2014-07-04,0.043,0.127,0.724,1.372
2014-07-07,0.031,0.118,0.72,1.366
2014-07-08,0.017,0.097,0.697,1.335
2014-07-09,0.024,0.099,0.693,1.332
2014-07-10,0.034,0.109,0.686,1.329
2014-07-11,0.023,0.099,0.684,1.323
2014-07-14,0.026,0.097,0.688,1.325
2014-07-15,0.029,0.099,0.692,1.326
2014-07-16,0.043,0.093,0.692,1.323
2014-07-17,0.021,0.099,0.694,1.278
2014-07-18,0.019,0.08,0.663,1.248
2014-07-21,0.006,0.062,0.635,1.213
2014-07-22,0.002,0.058,0.622,1.197
2014-07-23,0.001,0.064,0.61,1.187
2014-07-24,0.013,0.053,0.609,1.174
2014-07-25,0.017,0.065,0.619,1.185
2014-07-28,0.019,0.056,0.6,1.162
2014-07-29,0.024,0.05,0.57,1.114
2014-07-30,0.016,0.052,0.58,1.128
2014-07-31,0.033,0.082,0.616,1.15
2014-08-01,0.033,0.082,0.616,1.15
2014-08-04,0.008,0.069,0.597,1.122
2014-08-05,0.021,0.078,0.6,1.129
2014-08-06,0.051,0.09,0.596,1.125
2014-08-07,0.018,0.06,0.573,1.095
2014-08-08,0.033,0.066,0.531,1.047
2014-08-11,0.035,0.066,0.534,1.046
2014-08-12,0.03,0.061,0.519,1.011
2014-08-13,0.036,0.071,0.525,1.013
2014-08-14,0.039,0.072,0.51,0.997
2014-08-15,0.035,0.087,0.546,1.027
2014-08-18,0.033,0.083,0.554,1.026
2014-08-19,0.03,0.093,0.567,1.036
2014-08-20,0.043,0.091,0.559,1.038
2014-08-21,0.044,0.093,0.554,1.032
2014-08-22,0.038,0.099,0.552,1.036
2014-08-25,0.023,0.095,0.551,1.028
2014-08-26,0.03,0.094,0.55,1.027
2014-08-27,0.026,0.095,0.557,1.035
2014-08-28,0.011,0.071,0.533,1.007
2014-08-29,0.001,0.073,0.529,0.998
2014-09-01,-0.009,0.051,0.508,0.978
2014-09-02,-0.004,0.069,0.534,1.005
2014-09-03,0.017,0.107,0.571,1.047
2014-09-04,0.014,0.094,0.579,1.055
2014-09-05,0.006,0.071,0.589,1.097
2014-09-08,-0.007,0.054,0.564,1.085
2014-09-09,-0.01,0.088,0.616,1.13
2014-09-10,-0.001,0.115,0.646,1.164
2014-09-11,-0.019,0.067,0.598,1.115
2014-09-12,-0.017,0.084,0.618,1.135
2014-09-15,-0.027,0.096,0.627,1.148
2014-09-16,-0.028,0.064,0.596,1.112
2014-09-17,-0.029,0.079,0.612,1.129
2014-09-18,-0.026,0.065,0.611,1.134
2014-09-19,-0.015,0.081,0.627,1.146
2014-09-22,-0.023,0.052,0.588,1.114
2014-09-23,-0.024,0.03,0.542,1.062
2014-09-24,-0.018,0.053,0.572,1.094
2014-09-25,-0.005,0.07,0.572,1.087
2014-09-26,-0.001,0.058,0.56,1.085
2014-09-29,-0.014,0.069,0.576,1.096
2014-09-30,-0.009,0.069,0.589,1.113
2014-10-01,-0.015,0.069,0.579,1.093
2014-10-02,-0.014,0.062,0.559,1.069
2014-10-03,-0.003,0.068,0.568,1.079
2014-10-06,-0.009,0.062,0.559,1.068
2014-10-07,-0.011,0.063,0.554,1.066
2014-10-08,-0.007,0.063,0.532,1.031
2014-10-09,0,0.061,0.538,1.048
2014-10-10,0.002,0.083,0.549,1.046
2014-10-13,-0.001,0.073,0.542,1.039
2014-10-14,-0.007,0.074,0.541,1.037
2014-10-15,-0.023,0.066,0.52,1.008
2014-10-16,-0.03,0.052,0.479,0.967
2014-10-17,-0.012,0.103,0.545,1.013
2014-10-20,-0.017,0.082,0.542,1.014
2014-10-21,-0.032,0.077,0.515,0.983
2014-10-22,-0.038,0.095,0.542,1.012
2014-10-23,-0.029,0.091,0.547,1.035
2014-10-24,-0.024,0.093,0.543,1.032
2014-10-27,-0.036,0.102,0.573,1.051
2014-10-28,-0.043,0.093,0.566,1.036
2014-10-29,-0.038,0.09,0.57,1.041
2014-10-30,-0.042,0.096,0.576,1.056
2014-10-31,-0.042,0.082,0.558,1.034
2014-11-03,-0.048,0.073,0.539,1.018
2014-11-04,-0.052,0.085,0.557,1.032
2014-11-05,-0.062,0.081,0.552,1.019
2014-11-06,-0.068,0.075,0.544,1.018
2014-11-07,-0.081,0.066,0.541,1.018
2014-11-10,-0.088,0.05,0.524,1.003
2014-11-11,-0.101,0.048,0.523,0.996
2014-11-12,-0.136,0.013,0.49,0.955
2014-11-13,-0.134,0.006,0.485,0.958
2014-11-14,-0.143,-0.026,0.459,0.935
2014-11-17,-0.143,-0.015,0.464,0.94
2014-11-18,-0.155,-0.012,0.471,0.938
2014-11-19,-0.148,-0.008,0.475,0.938
2014-11-20,-0.14,-0.003,0.474,0.932
2014-11-21,-0.141,-0.002,0.473,0.924
2014-11-24,-0.152,-0.004,0.468,0.92
2014-11-25,-0.146,-0.007,0.457,0.905
2014-11-26,-0.148,-0.012,0.44,0.884
2014-11-27,-0.128,-0.007,0.429,0.863
2014-11-28,-0.134,-0.016,0.413,0.852
2014-12-01,-0.139,-0.024,0.395,0.818
2014-12-02,-0.13,-0.011,0.406,0.829
2014-12-03,-0.113,-0.018,0.383,0.801
2014-12-04,-0.098,-0.008,0.385,0.806
2014-12-05,-0.078,-0.005,0.391,0.804
2014-12-08,-0.096,0.005,0.404,0.813
2014-12-09,-0.108,-0.016,0.372,0.783
2014-12-10,-0.094,-0.018,0.365,0.769
2014-12-11,-0.081,-0.011,0.358,0.758
2014-12-12,-0.062,-0.017,0.335,0.725
2014-12-15,-0.077,-0.02,0.345,0.736
2014-12-16,-0.081,-0.018,0.344,0.721
2014-12-17,-0.091,-0.023,0.337,0.705
2014-12-18,-0.182,-0.08,0.317,0.598
2014-12-19,-0.196,-0.085,0.347,0.688
2014-12-22,-0.223,-0.09,0.336,0.682
2014-12-23,-0.219,-0.066,0.388,0.713
2014-12-24,-0.219,-0.066,0.388,0.713
2014-12-25,-0.219,-0.066,0.388,0.713
2014-12-26,-0.219,-0.066,0.388,0.713
2014-12-29,-0.249,-0.08,0.377,0.718
2014-12-30,-0.259,-0.092,0.375,0.697
2014-12-31,-0.259,-0.092,0.375,0.697
2015-01-01,-0.259,-0.092,0.375,0.697
2015-01-02,-0.259,-0.092,0.375,0.697
2015-01-05,-0.287,-0.125,0.312,0.625
2015-01-06,-0.259,-0.135,0.259,0.558
2015-01-07,-0.298,-0.182,0.195,0.471
2015-01-08,-0.285,-0.173,0.205,0.476
2015-01-09,-0.304,-0.18,0.209,0.502
2015-01-12,-0.331,-0.191,0.224,0.522
2015-01-13,-0.329,-0.213,0.206,0.511
2015-01-14,-0.344,-0.23,0.196,0.518
2015-01-15,-0.357,-0.258,0.169,0.523
2015-01-16,-0.608,-0.446,-0.024,0.339
2015-01-19,-0.738,-0.527,-0.057,0.291
2015-01-20,-0.848,-0.638,-0.101,0.278
2015-01-21,-0.835,-0.68,-0.197,0.222
2015-01-22,-0.897,-0.765,-0.197,0.249
2015-01-23,-1.138,-0.954,-0.3,0.188
2015-01-26,-1.163,-0.957,-0.259,0.246
2015-01-27,-0.919,-0.648,-0.084,0.431
2015-01-28,-0.812,-0.529,-0.046,0.44
2015-01-29,-0.806,-0.579,-0.052,0.406
2015-01-30,-0.702,-0.541,-0.067,0.376
2015-02-02,-0.777,-0.581,-0.096,0.336
2015-02-03,-0.915,-0.627,-0.12,0.27
2015-02-04,-0.839,-0.605,-0.106,0.285
2015-02-05,-0.867,-0.626,-0.123,0.298
2015-02-06,-0.873,-0.616,-0.096,0.318
2015-02-09,-0.886,-0.636,-0.083,0.329
2015-02-10,-0.929,-0.626,-0.045,0.356
2015-02-11,-0.933,-0.598,0.01,0.434
2015-02-12,-0.89,-0.553,0.035,0.454
2015-02-13,-0.954,-0.55,0.036,0.422
2015-02-16,-0.971,-0.548,0.042,0.432
2015-02-17,-0.971,-0.524,0.078,0.472
2015-02-18,-0.871,-0.491,0.053,0.491
2015-02-19,-0.872,-0.508,0.039,0.485
2015-02-20,-0.895,-0.522,0.051,0.516
2015-02-23,-0.89,-0.516,0.063,0.533
2015-02-24,-0.838,-0.481,0.07,0.54
2015-02-25,-0.803,-0.469,0.048,0.504
2015-02-26,-0.779,-0.458,0.027,0.466
2015-02-27,-0.8,-0.48,0.015,0.454
2015-03-02,-0.831,-0.5,0.004,0.424
2015-03-03,-0.813,-0.503,-0.021,0.406
2015-03-04,-0.798,-0.497,-0.013,0.434
2015-03-05,-0.758,-0.437,0.025,0.442
2015-03-06,-0.681,-0.445,0.012,0.423
2015-03-09,-0.709,-0.465,-0.017,0.414
2015-03-10,-0.751,-0.507,-0.034,0.39
2015-03-11,-0.765,-0.533,-0.067,0.369
2015-03-12,-0.775,-0.524,-0.096,0.351
2015-03-13,-0.713,-0.454,-0.047,0.388
2015-03-16,-0.74,-0.465,-0.038,0.386
2015-03-17,-0.736,-0.47,-0.058,0.354
2015-03-18,-0.74,-0.474,-0.053,0.363
2015-03-19,-0.74,-0.479,-0.07,0.331
2015-03-20,-0.711,-0.449,-0.054,0.34
2015-03-23,-0.739,-0.48,-0.08,0.316
2015-03-24,-0.746,-0.482,-0.074,0.323
2015-03-25,-0.755,-0.487,-0.076,0.313
2015-03-26,-0.727,-0.459,-0.065,0.312
2015-03-27,-0.734,-0.446,-0.04,0.33
2015-03-30,-0.784,-0.473,0,0.333
2015-03-31,-0.795,-0.475,-0.001,0.319
2015-04-01,-0.743,-0.455,-0.045,0.318
2015-04-02,-0.729,-0.451,-0.057,0.3
2015-04-03,-0.729,-0.451,-0.057,0.3
2015-04-06,-0.729,-0.451,-0.057,0.3
2015-04-07,-0.765,-0.476,-0.061,0.294
2015-04-08,-0.76,-0.474,-0.063,0.294
2015-04-09,-0.768,-0.486,-0.084,0.261
2015-04-10,-0.76,-0.494,-0.102,0.236
2015-04-13,-0.782,-0.517,-0.115,0.229
2015-04-14,-0.814,-0.537,-0.128,0.197
2015-04-15,-0.8,-0.527,-0.136,0.183
2015-04-16,-0.802,-0.547,-0.17,0.149
2015-04-17,-0.808,-0.542,-0.155,0.163
2015-04-20,-0.85,-0.572,-0.175,0.138
2015-04-21,-0.862,-0.581,-0.178,0.137
2015-04-22,-0.87,-0.574,-0.166,0.14
2015-04-23,-0.872,-0.562,-0.143,0.168
2015-04-24,-0.864,-0.526,-0.082,0.23
2015-04-27,-0.869,-0.543,-0.106,0.213
2015-04-28,-0.866,-0.54,-0.103,0.219
2015-04-29,-0.829,-0.507,-0.071,0.256
2015-04-30,-0.774,-0.417,0.04,0.377
2015-05-01,-0.774,-0.417,0.04,0.377
2015-05-04,-0.783,-0.442,0.028,0.385
2015-05-05,-0.782,-0.429,0.041,0.405
2015-05-06,-0.765,-0.39,0.115,0.492
2015-05-07,-0.738,-0.337,0.178,0.56
2015-05-08,-0.722,-0.361,0.125,0.507
2015-05-11,-0.752,-0.4,0.089,0.479
2015-05-12,-0.752,-0.387,0.115,0.498
2015-05-13,-0.742,-0.402,0.086,0.484
2015-05-14,-0.742,-0.402,0.086,0.484
2015-05-15,-0.746,-0.399,0.088,0.476
2015-05-18,-0.765,-0.425,0.059,0.448
2015-05-19,-0.751,-0.466,-0.009,0.402
2015-05-20,-0.78,-0.472,-0.002,0.395
2015-05-21,-0.764,-0.456,0.01,0.409
2015-05-22,-0.785,-0.472,0.017,0.425
2015-05-25,-0.785,-0.472,0.017,0.425
2015-05-26,-0.808,-0.504,-0.012,0.405
2015-05-27,-0.804,-0.513,-0.025,0.404
2015-05-28,-0.815,-0.529,-0.035,0.412
2015-05-29,-0.811,-0.525,-0.031,0.422
2015-06-01,-0.837,-0.567,-0.067,0.397
2015-06-02,-0.857,-0.571,-0.051,0.408
2015-06-03,-0.842,-0.539,0.005,0.495
2015-06-04,-0.762,-0.423,0.131,0.639
2015-06-05,-0.784,-0.452,0.116,0.645
2015-06-08,-0.783,-0.442,0.132,0.652
2015-06-09,-0.793,-0.429,0.173,0.692
2015-06-10,-0.794,-0.391,0.262,0.801
2015-06-11,-0.79,-0.406,0.227,0.762
2015-06-12,-0.808,-0.443,0.172,0.701
2015-06-15,-0.837,-0.487,0.124,0.653
2015-06-16,-0.851,-0.504,0.119,0.659
2015-06-17,-0.867,-0.514,0.117,0.653
2015-06-18,-0.847,-0.493,0.125,0.655
2015-06-19,-0.869,-0.508,0.125,0.658
2015-06-22,-0.845,-0.461,0.177,0.702
2015-06-23,-0.849,-0.459,0.178,0.699
2015-06-24,-0.842,-0.46,0.17,0.692
2015-06-25,-0.84,-0.488,0.126,0.66
2015-06-26,-0.822,-0.477,0.124,0.653
2015-06-29,-0.888,-0.535,0.086,0.618
2015-06-30,-0.879,-0.523,0.101,0.637
2015-07-01,-0.892,-0.529,0.112,0.648
2015-07-02,-0.865,-0.493,0.142,0.672
2015-07-03,-0.867,-0.501,0.134,0.673
2015-07-06,-0.899,-0.547,0.08,0.615
2015-07-07,-0.91,-0.569,0.064,0.611
2015-07-08,-0.916,-0.599,-0.002,0.518
2015-07-09,-0.913,-0.591,0.01,0.538
2015-07-10,-0.868,-0.539,0.07,0.605
2015-07-13,-0.802,-0.453,0.148,0.681
2015-07-14,-0.844,-0.518,0.091,0.642
2015-07-15,-0.829,-0.504,0.099,0.652
2015-07-16,-0.818,-0.498,0.092,0.64
2015-07-17,-0.803,-0.498,0.068,0.61
2015-07-20,-0.787,-0.488,0.069,0.619
2015-07-21,-0.799,-0.517,0.026,0.573
2015-07-22,-0.782,-0.502,0.033,0.586
2015-07-23,-0.785,-0.513,0.011,0.556
2015-07-24,-0.796,-0.537,-0.019,0.532
2015-07-27,-0.801,-0.56,-0.059,0.498
2015-07-28,-0.799,-0.553,-0.043,0.522
2015-07-29,-0.792,-0.537,-0.02,0.546
2015-07-30,-0.79,-0.535,-0.018,0.557
2015-07-31,-0.795,-0.545,-0.035,0.539
2015-08-03,-0.799,-0.548,-0.028,0.546
2015-08-04,-0.821,-0.594,-0.093,0.485
2015-08-05,-0.803,-0.567,-0.061,0.518
2015-08-06,-0.781,-0.546,-0.057,0.528
2015-08-07,-0.8,-0.573,-0.082,0.501
2015-08-10,-0.8,-0.586,-0.107,0.474
2015-08-11,-0.8,-0.595,-0.126,0.457
2015-08-12,-0.816,-0.63,-0.18,0.401
2015-08-13,-0.801,-0.614,-0.167,0.418
2015-08-14,-0.8,-0.608,-0.154,0.434
2015-08-17,-0.813,-0.629,-0.178,0.41
2015-08-18,-0.798,-0.625,-0.202,0.373
2015-08-19,-0.809,-0.628,-0.186,0.394
2015-08-20,-0.794,-0.609,-0.179,0.386
2015-08-21,-0.799,-0.627,-0.208,0.366
2015-08-24,-0.821,-0.652,-0.223,0.354
2015-08-25,-0.79,-0.604,-0.179,0.386
2015-08-26,-0.775,-0.579,-0.151,0.411
2015-08-27,-0.749,-0.546,-0.125,0.431
2015-08-28,-0.76,-0.555,-0.116,0.451
2015-08-31,-0.757,-0.555,-0.124,0.443
2015-09-01,-0.74,-0.525,-0.084,0.492
2015-09-02,-0.737,-0.527,-0.096,0.48
2015-09-03,-0.738,-0.527,-0.092,0.486
2015-09-04,-0.756,-0.551,-0.119,0.46
2015-09-07,-0.762,-0.564,-0.136,0.439
2015-09-08,-0.759,-0.556,-0.125,0.446
2015-09-09,-0.766,-0.56,-0.111,0.484
2015-09-10,-0.764,-0.552,-0.104,0.484
2015-09-11,-0.758,-0.54,-0.076,0.553
2015-09-14,-0.762,-0.546,-0.079,0.55
2015-09-15,-0.771,-0.549,-0.062,0.583
2015-09-16,-0.74,-0.492,0.01,0.651
2015-09-17,-0.721,-0.461,0.043,0.676
2015-09-18,-0.744,-0.505,-0.021,0.599
2015-09-21,-0.756,-0.517,-0.025,0.596
2015-09-22,-0.76,-0.527,-0.041,0.574
2015-09-23,-0.768,-0.545,-0.067,0.554
2015-09-24,-0.759,-0.537,-0.063,0.566
2015-09-25,-0.75,-0.53,-0.068,0.551
2015-09-28,-0.772,-0.561,-0.09,0.542
2015-09-29,-0.782,-0.579,-0.116,0.512
2015-09-30,-0.795,-0.577,-0.1,0.546
2015-10-01,-0.803,-0.606,-0.133,0.51
2015-10-02,-0.797,-0.609,-0.155,0.49
2015-10-05,-0.829,-0.658,-0.202,0.446
2015-10-06,-0.812,-0.644,-0.201,0.455
2015-10-07,-0.8,-0.623,-0.171,0.497
2015-10-08,-0.803,-0.634,-0.193,0.469
2015-10-09,-0.792,-0.615,-0.173,0.484
2015-10-12,-0.802,-0.623,-0.167,0.503
2015-10-13,-0.801,-0.629,-0.185,0.481
2015-10-14,-0.801,-0.63,-0.187,0.473
2015-10-15,-0.814,-0.652,-0.21,0.457
2015-10-16,-0.809,-0.645,-0.206,0.458
2015-10-19,-0.812,-0.646,-0.202,0.461
2015-10-20,-0.822,-0.667,-0.231,0.435
2015-10-21,-0.825,-0.666,-0.228,0.415
2015-10-22,-0.826,-0.678,-0.256,0.385
2015-10-23,-0.864,-0.723,-0.284,0.366
2015-10-26,-0.887,-0.743,-0.288,0.364
2015-10-27,-0.898,-0.757,-0.299,0.356
2015-10-28,-0.917,-0.786,-0.325,0.333
2015-10-29,-0.91,-0.771,-0.307,0.349
2015-10-30,-0.89,-0.739,-0.272,0.38
2015-11-02,-0.881,-0.721,-0.247,0.406
2015-11-03,-0.895,-0.738,-0.26,0.388
2015-11-04,-0.889,-0.733,-0.262,0.387
2015-11-05,-0.901,-0.741,-0.257,0.395
2015-11-06,-0.939,-0.805,-0.326,0.343
2015-11-09,-0.97,-0.802,-0.271,0.396
2015-11-10,-1.005,-0.847,-0.301,0.38
2015-11-11,-1.011,-0.823,-0.251,0.424
2015-11-12,-1.026,-0.851,-0.275,0.419
2015-11-13,-1.032,-0.862,-0.292,0.398
2015-11-16,-1.044,-0.879,-0.31,0.381
2015-11-17,-1.034,-0.874,-0.315,0.371
2015-11-18,-1.041,-0.876,-0.312,0.365
2015-11-19,-1.028,-0.864,-0.308,0.368
2015-11-20,-1.031,-0.858,-0.297,0.372
2015-11-23,-1.027,-0.846,-0.281,0.379
2015-11-24,-1.031,-0.853,-0.287,0.371
2015-11-25,-1.013,-0.841,-0.29,0.37
2015-11-26,-1.028,-0.867,-0.322,0.337
2015-11-27,-1.033,-0.865,-0.314,0.341
2015-11-30,-1.048,-0.875,-0.311,0.347
2015-12-01,-1.109,-0.923,-0.325,0.332
2015-12-02,-1.149,-0.967,-0.358,0.292
2015-12-03,-1.139,-0.95,-0.351,0.294
2015-12-04,-0.981,-0.768,-0.206,0.426
2015-12-07,-0.956,-0.764,-0.23,0.406
2015-12-08,-0.957,-0.765,-0.232,0.394
2015-12-09,-1,-0.794,-0.235,0.385
2015-12-10,-0.935,-0.724,-0.185,0.419
2015-12-11,-0.906,-0.694,-0.172,0.428
2015-12-14,-0.896,-0.689,-0.171,0.43
2015-12-15,-0.875,-0.65,-0.128,0.463
2015-12-16,-0.853,-0.623,-0.109,0.477
2015-12-17,-0.862,-0.638,-0.13,0.443
2015-12-18,-0.845,-0.631,-0.144,0.422
2015-12-21,-0.858,-0.635,-0.124,0.455
2015-12-22,-0.85,-0.618,-0.113,0.445
2015-12-23,-0.821,-0.574,-0.067,0.485
2015-12-24,-0.821,-0.574,-0.067,0.485
2015-12-25,-0.821,-0.574,-0.067,0.485
2015-12-28,-0.812,-0.564,-0.063,0.49
2015-12-29,-0.809,-0.565,-0.071,0.475
2015-12-30,-0.786,-0.533,-0.039,0.508
2015-12-31,-0.786,-0.533,-0.039,0.508
2016-01-01,-0.786,-0.533,-0.039,0.508
2016-01-04,-0.794,-0.558,-0.081,0.457
2016-01-05,-0.797,-0.576,-0.115,0.434
2016-01-06,-0.825,-0.612,-0.139,0.413
2016-01-07,-0.841,-0.642,-0.174,0.374
2016-01-08,-0.804,-0.583,-0.112,0.425
2016-01-11,-0.833,-0.614,-0.13,0.418
2016-01-12,-0.823,-0.596,-0.109,0.439
2016-01-13,-0.834,-0.616,-0.139,0.394
2016-01-14,-0.846,-0.646,-0.186,0.343
2016-01-15,-0.857,-0.666,-0.203,0.341
2016-01-18,-0.858,-0.66,-0.187,0.35
2016-01-19,-0.859,-0.663,-0.196,0.341
2016-01-20,-0.872,-0.687,-0.225,0.306
2016-01-21,-0.867,-0.683,-0.226,0.304
2016-01-22,-0.883,-0.704,-0.238,0.301
2016-01-25,-0.894,-0.713,-0.239,0.302
2016-01-26,-0.919,-0.754,-0.285,0.255
2016-01-27,-0.899,-0.733,-0.271,0.262
2016-01-28,-0.871,-0.702,-0.254,0.268
2016-01-29,-0.88,-0.729,-0.299,0.219
2016-02-01,-0.909,-0.776,-0.341,0.197
2016-02-02,-0.893,-0.745,-0.317,0.187
2016-02-03,-0.91,-0.759,-0.324,0.17
2016-02-04,-0.886,-0.739,-0.316,0.182
2016-02-05,-0.89,-0.744,-0.319,0.184
2016-02-08,-0.878,-0.735,-0.323,0.178
2016-02-09,-0.913,-0.785,-0.372,0.125
2016-02-10,-0.904,-0.763,-0.349,0.132
2016-02-11,-0.943,-0.796,-0.359,0.12
2016-02-12,-0.945,-0.781,-0.331,0.14
2016-02-15,-0.93,-0.754,-0.297,0.18
2016-02-16,-0.942,-0.772,-0.322,0.147
2016-02-17,-0.965,-0.807,-0.353,0.123
2016-02-18,-0.942,-0.782,-0.33,0.16
2016-02-19,-0.942,-0.789,-0.352,0.128
2016-02-22,-0.957,-0.805,-0.358,0.132
2016-02-23,-0.986,-0.849,-0.402,0.091
2016-02-24,-1.002,-0.868,-0.422,0.066
2016-02-25,-1.006,-0.876,-0.431,0.057
2016-02-26,-1.017,-0.882,-0.433,0.049
2016-02-29,-1.027,-0.9,-0.453,0.025
2016-03-01,-1.055,-0.932,-0.478,0.004
2016-03-02,-1.027,-0.904,-0.45,0.047
2016-03-03,-1.003,-0.881,-0.443,0.05
2016-03-04,-1.012,-0.888,-0.444,0.049
2016-03-07,-0.992,-0.875,-0.439,0.068
2016-03-08,-1.006,-0.884,-0.437,0.067
2016-03-09,-0.984,-0.862,-0.419,0.095
2016-03-10,-0.978,-0.837,-0.372,0.148
2016-03-11,-0.912,-0.765,-0.324,0.194
2016-03-14,-0.901,-0.757,-0.331,0.172
2016-03-15,-0.907,-0.762,-0.331,0.181
2016-03-16,-0.887,-0.741,-0.322,0.18
2016-03-17,-0.898,-0.773,-0.373,0.12
2016-03-18,-0.892,-0.764,-0.361,0.134
2016-03-21,-0.897,-0.769,-0.361,0.132
2016-03-22,-0.905,-0.781,-0.375,0.118
2016-03-23,-0.882,-0.747,-0.344,0.139
2016-03-24,-0.876,-0.752,-0.368,0.109
2016-03-25,-0.876,-0.752,-0.368,0.109
2016-03-28,-0.876,-0.752,-0.368,0.109
2016-03-29,-0.878,-0.768,-0.397,0.088
2016-03-30,-0.867,-0.757,-0.394,0.083
2016-03-31,-0.865,-0.74,-0.387,0.087
2016-04-01,-0.856,-0.739,-0.383,0.096
2016-04-04,-0.865,-0.753,-0.395,0.095
2016-04-05,-0.867,-0.762,-0.413,0.065
2016-04-06,-0.884,-0.775,-0.403,0.081
2016-04-07,-0.872,-0.762,-0.396,0.083
2016-04-08,-0.867,-0.842,-0.362,0.044
2016-04-11,-0.864,-0.842,-0.37,0.034
2016-04-12,-0.849,-0.813,-0.335,0.071
2016-04-13,-0.852,-0.822,-0.343,0.072
2016-04-14,-0.854,-0.826,-0.35,0.059
2016-04-15,-0.855,-0.809,-0.334,0.066
2016-04-18,-0.872,-0.826,-0.351,0.051
2016-04-19,-0.871,-0.815,-0.344,0.056
2016-04-20,-0.873,-0.816,-0.342,0.064
2016-04-21,-0.865,-0.797,-0.317,0.086
2016-04-22,-0.853,-0.756,-0.238,0.137
2016-04-25,-0.827,-0.764,-0.258,0.132
2016-04-26,-0.826,-0.747,-0.241,0.139
2016-04-27,-0.825,-0.727,-0.215,0.16
2016-04-28,-0.826,-0.766,-0.256,0.14
2016-04-29,-0.809,-0.745,-0.245,0.142
2016-05-02,-0.82,-0.746,-0.251,0.131
2016-05-03,-0.819,-0.729,-0.23,0.145
2016-05-04,-0.816,-0.741,-0.248,0.129
2016-05-05,-0.816,-0.741,-0.248,0.129
2016-05-06,-0.843,-0.767,-0.271,0.108
2016-05-09,-0.85,-0.773,-0.279,0.101
2016-05-10,-0.854,-0.782,-0.298,0.082
2016-05-11,-0.851,-0.793,-0.313,0.073
2016-05-12,-0.837,-0.785,-0.314,0.073
2016-05-13,-0.82,-0.778,-0.308,0.086
2016-05-16,-0.82,-0.778,-0.308,0.086
2016-05-17,-0.85,-0.782,-0.295,0.099
2016-05-18,-0.845,-0.788,-0.306,0.091
2016-05-19,-0.82,-0.773,-0.293,0.108
2016-05-20,-0.816,-0.772,-0.295,0.105
2016-05-23,-0.832,-0.774,-0.287,0.112
2016-05-24,-0.825,-0.762,-0.277,0.117
2016-05-25,-0.816,-0.746,-0.26,0.141
2016-05-26,-0.798,-0.754,-0.29,0.109
2016-05-27,-0.822,-0.771,-0.301,0.097
2016-05-30,-0.806,-0.761,-0.293,0.109
2016-05-31,-0.804,-0.758,-0.298,0.101
2016-06-01,-0.82,-0.797,-0.356,0.049
2016-06-02,-0.807,-0.792,-0.356,0.05
2016-06-03,-0.834,-0.825,-0.385,0.026
2016-06-06,-0.851,-0.83,-0.392,0.011
2016-06-07,-0.858,-0.832,-0.38,0.02
2016-06-08,-0.874,-0.865,-0.418,-0.011
2016-06-09,-0.857,-0.87,-0.418,-0.013
2016-06-10,-0.907,-0.913,-0.446,-0.044
2016-06-13,-0.938,-0.928,-0.448,-0.048
2016-06-14,-0.951,-0.959,-0.48,-0.072
2016-06-15,-0.948,-0.953,-0.474,-0.059
2016-06-16,-0.98,-0.972,-0.499,-0.091
2016-06-17,-1.003,-0.965,-0.5,-0.12
2016-06-20,-0.946,-0.927,-0.457,-0.065
2016-06-21,-0.963,-0.898,-0.436,-0.054
2016-06-22,-0.953,-0.89,-0.413,-0.025
2016-06-23,-0.933,-0.857,-0.384,-0.004
2016-06-24,-0.952,-0.977,-0.5,-0.134
2016-06-27,-1.013,-0.994,-0.498,-0.121
2016-06-28,-0.998,-0.986,-0.509,-0.144
2016-06-29,-0.997,-0.978,-0.496,-0.123
2016-06-30,-0.998,-0.982,-0.508,-0.155
2016-07-01,-1.046,-1.048,-0.565,-0.207
2016-07-04,-1.057,-1.054,-0.563,-0.198
2016-07-05,-1.064,-1.047,-0.592,-0.222
2016-07-06,-1.061,-1.05,-0.599,-0.227
2016-07-07,-1.024,-1.014,-0.587,-0.228
2016-07-08,-1.026,-1.016,-0.576,-0.219
2016-07-11,-1.045,-1.037,-0.597,-0.246
2016-07-12,-1.048,-1.04,-0.596,-0.227
2016-07-13,-1.035,-1.027,-0.601,-0.225
2016-07-14,-0.976,-0.988,-0.58,-0.199
2016-07-15,-0.98,-0.968,-0.555,-0.181
2016-07-18,-0.956,-0.959,-0.543,-0.172
2016-07-19,-0.949,-0.962,-0.554,-0.183
2016-07-20,-0.947,-0.951,-0.549,-0.173
2016-07-21,-0.922,-0.921,-0.512,-0.133
2016-07-22,-0.919,-0.918,-0.511,-0.153
2016-07-25,-0.958,-0.923,-0.502,-0.145
2016-07-26,-0.938,-0.912,-0.514,-0.165
2016-07-27,-0.912,-0.904,-0.502,-0.15
2016-07-28,-0.902,-0.922,-0.546,-0.196
2016-07-29,-0.902,-0.92,-0.543,-0.198
2016-08-01,-0.902,-0.92,-0.543,-0.198
2016-08-02,-0.925,-0.922,-0.531,-0.185
2016-08-03,-0.907,-0.908,-0.512,-0.161
2016-08-04,-0.889,-0.897,-0.508,-0.162
2016-08-05,-0.894,-0.921,-0.528,-0.179
2016-08-08,-0.89,-0.903,-0.518,-0.17
2016-08-09,-0.887,-0.897,-0.512,-0.176
2016-08-10,-0.916,-0.907,-0.524,-0.183
2016-08-11,-0.899,-0.915,-0.548,-0.214
2016-08-12,-0.911,-0.896,-0.518,-0.198
2016-08-15,-0.906,-0.91,-0.543,-0.211
2016-08-16,-0.89,-0.881,-0.516,-0.192
2016-08-17,-0.887,-0.862,-0.481,-0.157
2016-08-18,-0.882,-0.871,-0.499,-0.175
2016-08-19,-0.892,-0.879,-0.503,-0.179
2016-08-22,-0.891,-0.865,-0.484,-0.159
2016-08-23,-0.895,-0.877,-0.503,-0.175
2016-08-24,-0.887,-0.863,-0.499,-0.18
2016-08-25,-0.879,-0.864,-0.502,-0.182
2016-08-26,-0.877,-0.862,-0.501,-0.18
2016-08-29,-0.879,-0.847,-0.49,-0.172
2016-08-30,-0.879,-0.837,-0.476,-0.164
2016-08-31,-0.865,-0.822,-0.462,-0.15
2016-09-01,-0.87,-0.808,-0.452,-0.14
2016-09-02,-0.874,-0.809,-0.446,-0.134
2016-09-05,-0.884,-0.808,-0.44,-0.133
2016-09-06,-0.891,-0.816,-0.445,-0.141
2016-09-07,-0.91,-0.843,-0.479,-0.174
2016-09-08,-0.878,-0.838,-0.489,-0.182
2016-09-09,-0.88,-0.815,-0.441,-0.132
2016-09-12,-0.858,-0.756,-0.373,-0.057
2016-09-13,-0.864,-0.763,-0.381,-0.081
2016-09-14,-0.871,-0.738,-0.339,-0.047
2016-09-15,-0.863,-0.735,-0.335,-0.038
2016-09-16,-0.869,-0.749,-0.354,-0.049
2016-09-19,-0.896,-0.78,-0.378,-0.064
2016-09-20,-0.865,-0.771,-0.37,-0.054
2016-09-21,-0.872,-0.779,-0.378,-0.063
2016-09-22,-0.884,-0.791,-0.408,-0.099
2016-09-23,-0.892,-0.813,-0.428,-0.11
2016-09-26,-0.904,-0.833,-0.456,-0.126
2016-09-27,-0.923,-0.874,-0.496,-0.155
2016-09-28,-0.917,-0.874,-0.508,-0.175
2016-09-29,-0.907,-0.861,-0.496,-0.156
2016-09-30,-0.92,-0.881,-0.522,-0.183
2016-10-03,-0.92,-0.882,-0.529,-0.19
2016-10-04,-0.914,-0.875,-0.52,-0.175
2016-10-05,-0.896,-0.845,-0.491,-0.145
2016-10-06,-0.892,-0.838,-0.472,-0.131
2016-10-07,-0.895,-0.83,-0.456,-0.12
2016-10-10,-0.758,-0.842,-0.47,-0.114
2016-10-11,-0.798,-0.853,-0.447,-0.096
2016-10-12,-0.792,-0.85,-0.45,-0.098
2016-10-13,-0.824,-0.865,-0.446,-0.099
2016-10-14,-0.778,-0.843,-0.435,-0.078
2016-10-17,-0.765,-0.812,-0.411,-0.07
2016-10-18,-0.794,-0.849,-0.435,-0.081
2016-10-19,-0.792,-0.85,-0.438,-0.087
2016-10-20,-0.785,-0.826,-0.436,-0.092
2016-10-21,-0.789,-0.843,-0.455,-0.112
2016-10-24,-0.79,-0.839,-0.455,-0.117
2016-10-25,-0.792,-0.831,-0.432,-0.091
2016-10-26,-0.792,-0.826,-0.42,-0.084
2016-10-27,-0.783,-0.792,-0.377,-0.048
2016-10-28,-0.784,-0.77,-0.339,-0.011
2016-10-31,-0.787,-0.777,-0.362,-0.049
2016-11-01,-0.783,-0.741,-0.316,-0.007
2016-11-02,-0.794,-0.764,-0.334,-0.019
2016-11-03,-0.783,-0.734,-0.308,-0.001
2016-11-04,-0.793,-0.731,-0.298,0.008
2016-11-07,-0.801,-0.731,-0.292,0.017
2016-11-08,-0.802,-0.739,-0.296,0.018
2016-11-09,-0.8,-0.764,-0.317,0.016
2016-11-10,-0.788,-0.685,-0.237,0.071
2016-11-11,-0.779,-0.629,-0.147,0.18
2016-11-14,-0.768,-0.578,-0.091,0.224
2016-11-15,-0.763,-0.597,-0.099,0.233
2016-11-16,-0.766,-0.576,-0.068,0.265
2016-11-17,-0.768,-0.589,-0.096,0.226
2016-11-18,-0.789,-0.569,-0.052,0.276
2016-11-21,-0.787,-0.587,-0.073,0.259
2016-11-22,-0.817,-0.657,-0.134,0.213
2016-11-23,-0.815,-0.665,-0.15,0.195
2016-11-24,-0.795,-0.65,-0.141,0.204
2016-11-25,-0.829,-0.66,-0.134,0.214
2016-11-28,-0.826,-0.661,-0.147,0.193
2016-11-29,-0.823,-0.659,-0.143,0.199
2016-11-30,-0.82,-0.65,-0.13,0.212
2016-12-01,-0.804,-0.607,-0.087,0.251
2016-12-02,-0.811,-0.6,-0.074,0.264
2016-12-05,-0.806,-0.62,-0.09,0.258
2016-12-06,-0.81,-0.594,-0.067,0.27
2016-12-07,-0.801,-0.584,-0.054,0.286
2016-12-08,-0.787,-0.567,-0.041,0.296
2016-12-09,-0.792,-0.58,-0.037,0.316
2016-12-12,-0.787,-0.551,0.011,0.375
2016-12-13,-0.799,-0.562,0.004,0.367
2016-12-14,-0.811,-0.591,-0.031,0.33
2016-12-15,-0.768,-0.552,-0.001,0.361
2016-12-16,-0.783,-0.57,-0.025,0.331
2016-12-19,-0.784,-0.568,-0.022,0.334
2016-12-20,-0.796,-0.594,-0.048,0.309
2016-12-21,-0.785,-0.597,-0.058,0.3
2016-12-22,-0.772,-0.591,-0.059,0.297
2016-12-23,-0.788,-0.608,-0.073,0.283
2016-12-26,-0.788,-0.608,-0.073,0.283
2016-12-27,-0.797,-0.641,-0.106,0.253
2016-12-28,-0.805,-0.65,-0.118,0.238
2016-12-29,-0.779,-0.655,-0.138,0.243
2016-12-30,-0.793,-0.655,-0.135,0.226
2017-01-02,-0.793,-0.655,-0.135,0.226
2017-01-03,-0.796,-0.669,-0.164,0.187
2017-01-04,-0.824,-0.674,-0.147,0.211
2017-01-05,-0.814,-0.675,-0.158,0.197
2017-01-06,-0.827,-0.68,-0.162,0.191
2017-01-09,-0.835,-0.676,-0.148,0.207
2017-01-10,-0.829,-0.682,-0.162,0.191
2017-01-11,-0.823,-0.687,-0.171,0.183
2017-01-12,-0.815,-0.71,-0.2,0.163
2017-01-13,-0.818,-0.691,-0.185,0.164
2017-01-16,-0.825,-0.699,-0.187,0.168
2017-01-17,-0.821,-0.717,-0.196,0.177
2017-01-18,-0.823,-0.697,-0.179,0.18
2017-01-19,-0.785,-0.65,-0.136,0.225
2017-01-20,-0.802,-0.642,-0.108,0.258
2017-01-23,-0.806,-0.63,-0.092,0.272
2017-01-24,-0.806,-0.642,-0.11,0.253
2017-01-25,-0.82,-0.623,-0.074,0.288
2017-01-26,-0.808,-0.604,-0.052,0.308
2017-01-27,-0.817,-0.611,-0.056,0.305
2017-01-30,-0.831,-0.623,-0.063,0.296
2017-01-31,-0.835,-0.626,-0.072,0.282
2017-02-01,-0.803,-0.591,-0.051,0.299
2017-02-02,-0.797,-0.588,-0.042,0.315
2017-02-03,-0.811,-0.599,-0.045,0.313
2017-02-06,-0.731,-0.596,-0.083,0.279
2017-02-07,-0.849,-0.669,-0.108,0.258
2017-02-08,-0.84,-0.654,-0.096,0.267
2017-02-09,-0.832,-0.678,-0.13,0.237
2017-02-10,-0.831,-0.677,-0.131,0.234
2017-02-13,-0.857,-0.675,-0.115,0.249
2017-02-14,-0.835,-0.678,-0.124,0.246
2017-02-15,-0.84,-0.661,-0.094,0.28
2017-02-16,-0.841,-0.684,-0.117,0.262
2017-02-17,-0.84,-0.694,-0.135,0.243
2017-02-20,-0.851,-0.7,-0.143,0.231
2017-02-21,-0.846,-0.701,-0.142,0.236
2017-02-22,-0.844,-0.704,-0.147,0.229
2017-02-23,-0.861,-0.708,-0.154,0.212
2017-02-24,-0.863,-0.737,-0.204,0.166
2017-02-27,-0.873,-0.75,-0.214,0.156
2017-02-28,-0.874,-0.752,-0.213,0.154
2017-03-01,-0.863,-0.746,-0.206,0.165
2017-03-02,-0.851,-0.728,-0.195,0.171
2017-03-03,-0.861,-0.712,-0.168,0.196
2017-03-06,-0.843,-0.669,-0.122,0.241
2017-03-07,-0.828,-0.652,-0.113,0.244
2017-03-08,-0.83,-0.638,-0.092,0.265
2017-03-09,-0.832,-0.603,-0.059,0.286
2017-03-10,-0.804,-0.547,0.001,0.345
2017-03-13,-0.799,-0.528,0.025,0.37
2017-03-14,-0.795,-0.512,0.035,0.372
2017-03-15,-0.809,-0.541,0.003,0.339
2017-03-16,-0.793,-0.546,-0.023,0.304
2017-03-17,-0.777,-0.516,0.009,0.337
2017-03-20,-0.791,-0.542,-0.013,0.318
2017-03-21,-0.767,-0.517,0.007,0.338
2017-03-22,-0.776,-0.545,-0.024,0.308
2017-03-23,-0.767,-0.542,-0.032,0.295
2017-03-24,-0.758,-0.521,-0.006,0.323
2017-03-27,-0.773,-0.55,-0.041,0.283
2017-03-28,-0.781,-0.552,-0.042,0.282
2017-03-29,-0.78,-0.579,-0.073,0.254
2017-03-30,-0.776,-0.597,-0.102,0.223
2017-03-31,-0.773,-0.594,-0.1,0.218
2017-04-03,-0.8,-0.603,-0.098,0.224
2017-04-04,-0.787,-0.622,-0.128,0.197
2017-04-05,-0.798,-0.627,-0.134,0.189
2017-04-06,-0.795,-0.626,-0.145,0.168
2017-04-07,-0.789,-0.626,-0.142,0.177
2017-04-10,-0.814,-0.653,-0.163,0.158
2017-04-11,-0.825,-0.669,-0.162,0.172
2017-04-12,-0.811,-0.657,-0.164,0.164
2017-04-13,-0.815,-0.672,-0.185,0.139
2017-04-14,-0.815,-0.672,-0.185,0.139
2017-04-17,-0.815,-0.672,-0.185,0.139
2017-04-18,-0.836,-0.684,-0.196,0.123
2017-04-19,-0.832,-0.686,-0.201,0.118
2017-04-20,-0.823,-0.679,-0.197,0.121
2017-04-21,-0.829,-0.676,-0.193,0.12
2017-04-24,-0.805,-0.613,-0.12,0.194
2017-04-25,-0.796,-0.591,-0.105,0.203
2017-04-26,-0.776,-0.575,-0.084,0.23
2017-04-27,-0.787,-0.58,-0.083,0.234
2017-04-28,-0.772,-0.589,-0.096,0.227
2017-05-01,-0.772,-0.589,-0.096,0.227
2017-05-02,-0.786,-0.587,-0.091,0.225
2017-05-03,-0.774,-0.596,-0.099,0.227
2017-05-04,-0.778,-0.58,-0.076,0.249
2017-05-05,-0.769,-0.558,-0.057,0.263
2017-05-08,-0.768,-0.553,-0.045,0.281
2017-05-09,-0.764,-0.544,-0.032,0.295
2017-05-10,-0.743,-0.535,-0.026,0.306
2017-05-11,-0.756,-0.532,-0.022,0.304
2017-05-12,-0.753,-0.553,-0.054,0.271
2017-05-15,-0.762,-0.565,-0.062,0.265
2017-05-16,-0.757,-0.552,-0.048,0.279
2017-05-17,-0.778,-0.586,-0.08,0.248
2017-05-18,-0.788,-0.605,-0.103,0.223
2017-05-19,-0.789,-0.606,-0.097,0.235
2017-05-22,-0.788,-0.606,-0.1,0.232
2017-05-23,-0.788,-0.599,-0.082,0.258
2017-05-24,-0.772,-0.602,-0.093,0.25
2017-05-25,-0.772,-0.602,-0.093,0.25
2017-05-26,-0.772,-0.618,-0.104,0.252
2017-05-29,-0.774,-0.623,-0.112,0.243
2017-05-30,-0.788,-0.643,-0.126,0.232
2017-05-31,-0.8,-0.659,-0.145,0.208
2017-06-01,-0.79,-0.666,-0.161,0.194
2017-06-02,-0.788,-0.668,-0.163,0.193
2017-06-05,-0.788,-0.668,-0.163,0.193
2017-06-06,-0.801,-0.679,-0.168,0.193
2017-06-07,-0.797,-0.679,-0.169,0.193
2017-06-08,-0.771,-0.664,-0.163,0.199
2017-06-09,-0.819,-0.667,-0.159,0.18
2017-06-12,-0.82,-0.675,-0.166,0.178
2017-06-13,-0.834,-0.673,-0.155,0.187
2017-06-14,-0.815,-0.664,-0.154,0.189
2017-06-15,-0.81,-0.672,-0.173,0.167
2017-06-16,-0.807,-0.636,-0.129,0.212
2017-06-19,-0.811,-0.638,-0.129,0.213
2017-06-20,-0.803,-0.634,-0.133,0.205
2017-06-21,-0.805,-0.646,-0.155,0.177
2017-06-22,-0.795,-0.636,-0.153,0.175
2017-06-23,-0.787,-0.627,-0.145,0.182
2017-06-26,-0.793,-0.632,-0.148,0.179
2017-06-27,-0.793,-0.627,-0.145,0.179
2017-06-28,-0.78,-0.563,-0.074,0.242
2017-06-29,-0.76,-0.529,-0.05,0.257
2017-06-30,-0.719,-0.5,-0.025,0.287
2017-07-03,-0.738,-0.504,-0.029,0.276
2017-07-04,-0.729,-0.491,-0.014,0.293
2017-07-05,-0.732,-0.488,-0.005,0.305
2017-07-06,-0.725,-0.479,0,0.305
2017-07-07,-0.743,-0.456,0.045,0.35
2017-07-10,-0.719,-0.456,0.035,0.343
2017-07-11,-0.712,-0.444,0.048,0.357
2017-07-12,-0.718,-0.451,0.037,0.341
2017-07-13,-0.707,-0.449,0.033,0.337
2017-07-14,-0.717,-0.438,0.042,0.338
2017-07-17,-0.705,-0.443,0.03,0.328
2017-07-18,-0.708,-0.444,0.023,0.313
2017-07-19,-0.703,-0.448,0.014,0.304
2017-07-20,-0.699,-0.449,0.01,0.298
2017-07-21,-0.706,-0.448,0.005,0.286
2017-07-24,-0.718,-0.454,0.008,0.293
2017-07-25,-0.718,-0.452,0.02,0.314
2017-07-26,-0.723,-0.443,0.04,0.336
2017-07-27,-0.72,-0.455,0.02,0.314
2017-07-28,-0.687,-0.415,0.054,0.347
2017-07-31,-0.698,-0.419,0.06,0.357
2017-08-01,-0.698,-0.419,0.06,0.357
2017-08-02,-0.704,-0.447,0.015,0.304
2017-08-03,-0.695,-0.464,0.003,0.304
2017-08-04,-0.709,-0.499,-0.049,0.241
2017-08-07,-0.726,-0.512,-0.058,0.234
2017-08-08,-0.727,-0.519,-0.076,0.206
2017-08-09,-0.737,-0.528,-0.086,0.195
2017-08-10,-0.742,-0.558,-0.118,0.167
2017-08-11,-0.76,-0.598,-0.161,0.125
2017-08-14,-0.755,-0.575,-0.136,0.148
2017-08-15,-0.754,-0.581,-0.127,0.173
2017-08-16,-0.749,-0.541,-0.077,0.222
2017-08-17,-0.733,-0.538,-0.075,0.229
2017-08-18,-0.733,-0.547,-0.084,0.223
2017-08-21,-0.748,-0.564,-0.1,0.205
2017-08-22,-0.741,-0.562,-0.1,0.207
2017-08-23,-0.742,-0.57,-0.108,0.203
2017-08-24,-0.734,-0.575,-0.118,0.196
2017-08-25,-0.73,-0.561,-0.099,0.214
2017-08-28,-0.736,-0.573,-0.11,0.207
2017-08-29,-0.745,-0.593,-0.138,0.174
2017-08-30,-0.749,-0.588,-0.121,0.196
2017-08-31,-0.745,-0.581,-0.114,0.203
2017-09-01,-0.756,-0.59,-0.118,0.203
2017-09-04,-0.76,-0.581,-0.109,0.208
2017-09-05,-0.746,-0.579,-0.098,0.235
2017-09-06,-0.762,-0.598,-0.117,0.212
2017-09-07,-0.763,-0.588,-0.097,0.236
2017-09-08,-0.767,-0.611,-0.131,0.198
2017-09-11,-0.736,-0.59,-0.121,0.214
2017-09-12,-0.758,-0.585,-0.1,0.231
2017-09-13,-0.764,-0.57,-0.075,0.256
2017-09-14,-0.742,-0.545,-0.061,0.264
2017-09-15,-0.738,-0.534,-0.05,0.275
2017-09-18,-0.74,-0.513,-0.018,0.308
2017-09-19,-0.734,-0.5,-0.008,0.315
2017-09-20,-0.734,-0.502,-0.009,0.315
2017-09-21,-0.711,-0.476,0.009,0.328
2017-09-22,-0.72,-0.486,0.001,0.319
2017-09-25,-0.737,-0.493,-0.002,0.314
2017-09-26,-0.742,-0.51,-0.02,0.299
2017-09-27,-0.744,-0.497,0.005,0.326
2017-09-28,-0.735,-0.473,0.033,0.356
2017-09-29,-0.737,-0.488,0.017,0.34
2017-10-02,-0.742,-0.472,0.03,0.347
2017-10-03,-0.736,-0.471,0.033,0.355
2017-10-04,-0.741,-0.479,0.017,0.333
2017-10-05,-0.729,-0.475,0.02,0.339
2017-10-06,-0.728,-0.471,0.023,0.342
2017-10-09,-0.742,-0.488,0.008,0.326
2017-10-10,-0.745,-0.499,-0.008,0.311
2017-10-11,-0.741,-0.485,0.011,0.331
2017-10-12,-0.732,-0.481,0.011,0.33
2017-10-13,-0.724,-0.489,-0.006,0.312
2017-10-16,-0.75,-0.513,-0.019,0.305
2017-10-17,-0.748,-0.516,-0.039,0.284
2017-10-18,-0.756,-0.524,-0.052,0.266
2017-10-19,-0.746,-0.509,-0.043,0.269
2017-10-20,-0.737,-0.482,-0.006,0.311
2017-10-23,-0.743,-0.49,-0.015,0.301
2017-10-24,-0.747,-0.47,0.016,0.336
2017-10-25,-0.743,-0.464,0.023,0.342
2017-10-26,-0.736,-0.451,0.035,0.352
2017-10-27,-0.767,-0.485,0.005,0.325
2017-10-30,-0.788,-0.507,-0.019,0.31
2017-10-31,-0.779,-0.524,-0.029,0.298
2017-11-01,-0.779,-0.522,-0.037,0.284
2017-11-02,-0.771,-0.519,-0.028,0.303
2017-11-03,-0.777,-0.535,-0.045,0.288
2017-11-06,-0.79,-0.545,-0.062,0.273
2017-11-07,-0.77,-0.531,-0.057,0.277
2017-11-08,-0.782,-0.558,-0.083,0.258
2017-11-09,-0.773,-0.552,-0.082,0.27
2017-11-10,-0.771,-0.517,-0.032,0.315
2017-11-13,-0.78,-0.523,-0.035,0.312
2017-11-14,-0.779,-0.516,-0.026,0.32
2017-11-15,-0.786,-0.539,-0.056,0.292
2017-11-16,-0.784,-0.533,-0.052,0.296
2017-11-17,-0.784,-0.532,-0.056,0.291
2017-11-20,-0.79,-0.55,-0.077,0.281
2017-11-21,-0.797,-0.566,-0.096,0.265
2017-11-22,-0.787,-0.557,-0.093,0.267
2017-11-23,-0.803,-0.546,-0.087,0.257
2017-11-24,-0.849,-0.539,-0.07,0.267
2017-11-27,-0.776,-0.539,-0.085,0.265
2017-11-28,-0.789,-0.535,-0.082,0.264
2017-11-29,-0.76,-0.513,-0.066,0.279
2017-11-30,-0.753,-0.507,-0.053,0.298
2017-12-01,-0.752,-0.517,-0.079,0.264
2017-12-04,-0.775,-0.532,-0.084,0.257
2017-12-05,-0.772,-0.539,-0.099,0.239
2017-12-06,-0.787,-0.552,-0.122,0.218
2017-12-07,-0.767,-0.547,-0.123,0.208
2017-12-08,-0.78,-0.556,-0.12,0.217
2017-12-11,-0.78,-0.558,-0.124,0.213
2017-12-12,-0.775,-0.552,-0.129,0.203
2017-12-13,-0.774,-0.545,-0.111,0.226
2017-12-14,-0.769,-0.536,-0.11,0.217
2017-12-15,-0.772,-0.563,-0.147,0.191
2017-12-18,-0.788,-0.565,-0.138,0.2
2017-12-19,-0.794,-0.57,-0.142,0.197
2017-12-20,-0.782,-0.537,-0.106,0.227
2017-12-21,-0.767,-0.518,-0.082,0.252
2017-12-22,-0.752,-0.516,-0.086,0.25
2017-12-25,-0.752,-0.516,-0.086,0.25
2017-12-26,-0.752,-0.516,-0.086,0.25
2017-12-27,-0.766,-0.531,-0.092,0.247
2017-12-28,-0.769,-0.524,-0.09,0.246
2017-12-29,-0.761,-0.519,-0.095,0.241
2018-01-01,-0.761,-0.519,-0.095,0.241
2018-01-02,-0.761,-0.519,-0.095,0.241
2018-01-03,-0.765,-0.524,-0.095,0.244
2018-01-04,-0.81,-0.543,-0.098,0.235
2018-01-05,-0.815,-0.546,-0.106,0.225
2018-01-08,-0.83,-0.553,-0.109,0.223
2018-01-09,-0.85,-0.559,-0.097,0.234
2018-01-10,-0.839,-0.536,-0.072,0.258
2018-01-11,-0.832,-0.526,-0.051,0.289
2018-01-12,-0.819,-0.472,0.019,0.354
2018-01-15,-0.811,-0.472,0.016,0.353
2018-01-16,-0.813,-0.474,0.014,0.353
2018-01-17,-0.836,-0.489,-0.01,0.317
2018-01-18,-0.82,-0.478,0.014,0.352
2018-01-19,-0.822,-0.478,0.022,0.369
2018-01-22,-0.838,-0.488,0.02,0.368
2018-01-23,-0.845,-0.49,0.023,0.372
2018-01-24,-0.833,-0.469,0.059,0.423
2018-01-25,-0.815,-0.471,0.056,0.433
2018-01-26,-0.819,-0.452,0.063,0.409
2018-01-29,-0.822,-0.433,0.093,0.439
2018-01-30,-0.825,-0.415,0.116,0.456
2018-01-31,-0.833,-0.426,0.103,0.436
2018-02-01,-0.812,-0.387,0.138,0.467
2018-02-02,-0.812,-0.372,0.175,0.514
2018-02-05,-0.84,-0.377,0.188,0.531
2018-02-06,-0.863,-0.426,0.146,0.498
2018-02-07,-0.837,-0.417,0.154,0.521
2018-02-08,-0.824,-0.392,0.186,0.554
2018-02-09,-0.838,-0.369,0.214,0.577
2018-02-12,-0.751,-0.378,0.213,0.58
2018-02-13,-0.762,-0.4,0.194,0.555
2018-02-14,-0.756,-0.398,0.199,0.567
2018-02-15,-0.738,-0.374,0.221,0.587
2018-02-16,-0.735,-0.391,0.205,0.579
2018-02-19,-0.746,-0.408,0.191,0.567
2018-02-20,-0.74,-0.404,0.207,0.596
2018-02-21,-0.733,-0.44,0.157,0.549
2018-02-22,-0.737,-0.429,0.173,0.564
2018-02-23,-0.743,-0.451,0.144,0.533
2018-02-26,-0.756,-0.458,0.125,0.519
2018-02-27,-0.76,-0.456,0.133,0.53
2018-02-28,-0.77,-0.474,0.116,0.512
2018-03-01,-0.774,-0.503,0.089,0.487
2018-03-02,-0.775,-0.516,0.074,0.475
2018-03-05,-0.787,-0.516,0.082,0.475
2018-03-06,-0.774,-0.492,0.102,0.493
2018-03-07,-0.775,-0.473,0.127,0.514
2018-03-08,-0.776,-0.468,0.13,0.515
2018-03-09,-0.779,-0.474,0.118,0.499
2018-03-12,-0.78,-0.471,0.119,0.496
2018-03-13,-0.768,-0.468,0.119,0.498
2018-03-14,-0.773,-0.467,0.133,0.518
2018-03-15,-0.77,-0.462,0.132,0.511
2018-03-16,-0.78,-0.487,0.111,0.493
2018-03-19,-0.794,-0.494,0.11,0.492
2018-03-20,-0.787,-0.502,0.098,0.482
2018-03-21,-0.791,-0.488,0.113,0.493
2018-03-22,-0.79,-0.504,0.096,0.478
2018-03-23,-0.812,-0.528,0.074,0.455
2018-03-26,-0.798,-0.509,0.093,0.474
2018-03-27,-0.797,-0.508,0.093,0.475
2018-03-28,-0.804,-0.537,0.048,0.429
2018-03-29,-0.791,-0.529,,0.437
2018-03-30,-0.791,-0.529,0.054,0.437
